study,endpoint,population,age,category_age,duration,category_duration,men_ratio,category_men_ratio,type_exercise,bsln,bsln_adjusted,category_bsln,N_HIIE,Mean_HIIE,SD_HIIE,N_MICT,Mean_MICT,SD_MICT,HIIE,desired_effect
Abdelbasset 2020,BMI,T2D,54.65,> 50 y,8,5 - 10 weeks,0.58,> 0.5,Cycling,36.5,36.5,BMI > 30 kg/m²,16,-2.1999999999999957,2.478911051248108,15,-2.4000000000000057,1.8520259177452134,HIIT,decrease
Abdelbasset 2020,HbA1c,T2D,54.65,> 50 y,8,5 - 10 weeks,0.58,> 0.5,Cycling,47.545,47.545,> 40 mmol/mol,16,-0.39999999999999947,0.21447610589527213,15,-0.40000000000000036,0.2645751311064591,HIIT,decrease
Abdelbasset 2020,HDL,T2D,54.65,> 50 y,8,5 - 10 weeks,0.58,> 0.5,Cycling,0.9727979274611398,0.9727979274611398,< 1.3 mmol/L,16,2.1000000000000014,2.035681703999915,15,2.299999999999997,1.8857359306117072,HIIT,increase
Abdelbasset 2020,HOMA-IR,T2D,54.65,> 50 y,8,5 - 10 weeks,0.58,> 0.5,Cycling,4.800000000000001,4.800000000000001,> 3,16,-0.8000000000000007,1.2312595177297108,15,-0.8000000000000003,1.0099504938362078,HIIT,decrease
Abdelbasset 2020,LDL,T2D,54.65,> 50 y,8,5 - 10 weeks,0.58,> 0.5,Cycling,2.5220207253886007,2.5220207253886007,< 3 mmol/L,16,-5.8999999999999915,2.8467525357852947,15,-7.1000000000000085,3.012640038238888,HIIT,decrease
Abdelbasset 2020,Total Cholesterol,T2D,54.65,> 50 y,8,5 - 10 weeks,0.58,> 0.5,Cycling,4.981865284974093,4.981865284974093,< 5.2 mmol/L,16,-14.900000000000006,5.005996404313534,15,-12.799999999999983,4.79353731601205,HIIT,decrease
Abdelbasset 2020,Triglycerides,T2D,54.65,> 50 y,8,5 - 10 weeks,0.58,> 0.5,Cycling,2.2073446327683617,2.2073446327683617,> 1.7 mmol/L,16,-20.599999999999994,6.208220356913888,15,-19.099999999999994,6.713866248295388,HIIT,decrease
Bækkerud 2016,Body Mass,Overweight/obese,40,30 - 50 y,6,5 - 10 weeks,0.41,< 0.5,Running,92.8,30.2,BMI > 30 kg/m²,8,-0.8999999999999915,9.991096035971234,9,-0.20000000000000284,6.693280212272605,HIIT,decrease
Bækkerud 2016,Flow-mediated Dilation,Overweight/obese,40,30 - 50 y,6,5 - 10 weeks,0.41,< 0.5,Running,6.5,6.5,> 6 %,8,0.6999999999999993,3.7425926842230646,9,2.7,2.8372521918222224,HIIT,increase
Bækkerud 2016,VO2max,Overweight/obese,40,30 - 50 y,6,5 - 10 weeks,0.41,< 0.5,Running,34.05,40.86610472485291,30 - 60%,8,2.8000000000000043,4.609663762141441,9,0.3999999999999986,3.6460938002196284,HIIT,increase
Beetham 2019,Body Fat,Overweight/obese,61.85,> 50 y,12,> 10 weeks,0.7,> 0.5,Running,36.400000000000006,30.799999999999997,BMI > 30 kg/m²,9,0.1,1.5,5,0.2,2.8,HIIT,decrease
Beetham 2019,Body Mass,Overweight/obese,61.85,> 50 y,12,> 10 weeks,0.7,> 0.5,Running,85.55000000000001,30.799999999999997,BMI > 30 kg/m²,9,0.1,2,5,-1.3,1.9,HIIT,decrease
Beetham 2019,Diastolic Blood Pressure,Overweight/obese,61.85,> 50 y,12,> 10 weeks,0.7,> 0.5,Running,77.3,77.3,< 80 mmHg,9,4.3,12.8,5,-11,9.4,HIIT,decrease
Beetham 2019,Systolic Blood Pressure,Overweight/obese,61.85,> 50 y,12,> 10 weeks,0.7,> 0.5,Running,133.4,133.4,120 - 140 mmHg,9,1.3,15.3,5,-9.8,11.1,HIIT,decrease
Beetham 2019,VO2max,Overweight/obese,61.85,> 50 y,12,> 10 weeks,0.7,> 0.5,Running,22,3.142129873375045,< 30%,9,0.1,2.4,5,1.6,2.3,HIIT,increase
Burgomaster 2008,Body Fat,Healthy,23.5,< 30 y,6,5 - 10 weeks,0.5,< 0.5,Cycling,24.5,24.05,BMI < 25 kg/m²,10,1,3.4641016151377566,10,0,3.4641016151377566,SIT,decrease
Burgomaster 2008,Body Mass,Healthy,23.5,< 30 y,6,5 - 10 weeks,0.5,< 0.5,Cycling,72,24.05,BMI < 25 kg/m²,10,-1,5.196152422706632,10,0,6.928203230275513,SIT,decrease
Burgomaster 2008,VO2max,Healthy,23.5,< 30 y,6,5 - 10 weeks,0.5,< 0.5,Cycling,41,32.54299591865965,30 - 60%,10,3,3.4641016151377566,10,4,3.4641016151377566,SIT,increase
Ciolac 2010,Diastolic Blood Pressure,Healthy,25.5,< 30 y,16,> 10 weeks,0,< 0.5,Running,74.75,74.75,< 80 mmHg,16,-1.1999999999999886,2.5569513096654783,16,-1,2.9748949561287037,HIIT,decrease
Ciolac 2010,Fasting Glucose,Healthy,25.5,< 30 y,16,> 10 weeks,0,< 0.5,Running,4.650900004650899,4.650900004650899,< 5.6 mmol/L,11,0.5,4.2915032331340495,11,1,3.3340665860177428,HIIT,decrease
Ciolac 2010,Fasting Insulin,Healthy,25.5,< 30 y,16,> 10 weeks,0,< 0.5,Running,58.685249999999996,58.685249999999996,> 40 pmol/L,11,-2.8000000000000007,1.6952875862224681,11,-2.5,1.7492855684535908,HIIT,decrease
Ciolac 2010,HDL,Healthy,25.5,< 30 y,16,> 10 weeks,0,< 0.5,Running,1.5168393782383418,1.5168393782383418,> 1.3 mmol/L,11,2.299999999999997,9.051519209502898,11,3.6000000000000014,5.018465901049844,HIIT,increase
Ciolac 2010,HOMA-IR,Healthy,25.5,< 30 y,16,> 10 weeks,0,< 0.5,Running,1.705,1.705,< 3,16,-0.47,0.49801606399793963,16,-0.5099999999999998,0.3877241287307253,HIIT,decrease
Ciolac 2010,LDL,Healthy,25.5,< 30 y,16,> 10 weeks,0,< 0.5,Running,2.7474093264248705,2.7474093264248705,< 3 mmol/L,11,-12.299999999999997,11.732433677630574,11,-6,17.076416485902424,HIIT,decrease
Ciolac 2010,Systolic Blood Pressure,Healthy,25.5,< 30 y,16,> 10 weeks,0,< 0.5,Running,117.05,117.05,< 120 mmHg,16,-0.7999999999999972,3.6739624385668423,16,-1.8999999999999915,3.782591704109764,HIIT,decrease
Ciolac 2010,Total Cholesterol,Healthy,25.5,< 30 y,16,> 10 weeks,0,< 0.5,Running,4.626943005181347,4.626943005181347,< 5.2 mmol/L,11,-9,14.32850306207874,11,-2.799999999999983,18.86743225772919,HIIT,decrease
Ciolac 2010,Triglycerides,Healthy,25.5,< 30 y,16,> 10 weeks,0,< 0.5,Running,0.8028248587570621,0.8028248587570621,< 1.7 mmol/L,11,-0.7000000000000028,15.017523098034511,11,2,14.23534333973016,HIIT,decrease
Ciolac 2010,VO2max,Healthy,25.5,< 30 y,16,> 10 weeks,0,< 0.5,Running,29.6,11.591234807961166,< 30%,11,4.599999999999998,2.4429490375363954,11,2.3999999999999986,3.0463092423455636,HIIT,increase
Cocks 2013,BMI,Healthy,21.5,< 30 y,6,5 - 10 weeks,1,> 0.5,Cycling,23.700000000000003,23.700000000000003,BMI < 25 kg/m²,8,0,1.3446189051177289,8,0,2.4265201420964964,SIT,decrease
Cocks 2013,Body Mass,Healthy,21.5,< 30 y,6,5 - 10 weeks,1,> 0.5,Cycling,73,23.700000000000003,BMI < 25 kg/m²,8,0,4.6475800154488995,8,0,7.483314773547886,SIT,decrease
Cocks 2013,Diastolic Blood Pressure,Healthy,21.5,< 30 y,6,5 - 10 weeks,1,> 0.5,Cycling,61.5,61.5,< 80 mmHg,8,-3,4.6475800154488995,8,-4,4.6475800154488995,SIT,decrease
Cocks 2013,Systolic Blood Pressure,Healthy,21.5,< 30 y,6,5 - 10 weeks,1,> 0.5,Cycling,115.5,115.5,< 120 mmHg,8,-2,4.6475800154488995,8,-1,7.483314773547886,SIT,decrease
Cocks 2013,VO2max,Healthy,21.5,< 30 y,6,5 - 10 weeks,1,> 0.5,Cycling,41.8,35.854465334229815,30 - 60%,8,3.200000000000003,3.4548516610702693,8,6.5,7.4619032424710525,SIT,increase
Conraads 2015,BMI,Cardiac Rehabilitation,58.5,> 50 y,12,> 10 weeks,0.9,> 0.5,Cycling,28.2,28.2,BMI 25 - 30 kg/m²,85,0.10000000000000142,2.199318076131781,89,-0.3000000000000007,2.3298068589477534,HIIT,decrease
Conraads 2015,Body Mass,Cardiac Rehabilitation,58.5,> 50 y,12,> 10 weeks,0.9,> 0.5,Cycling,84.85,28.2,BMI 25 - 30 kg/m²,85,0.5,7.865112840894275,89,-0.5,7.491862251803618,HIIT,decrease
Conraads 2015,C-reactive Protein,Cardiac Rehabilitation,58.5,> 50 y,12,> 10 weeks,0.9,> 0.5,Cycling,1.2524635000000002,1.2524635000000002,< 2 mg/L,85,-0.10618100000000008,0.8945573855152054,89,-0.19874100000000006,0.9485354746997081,HIIT,decrease
Conraads 2015,Diastolic Blood Pressure,Cardiac Rehabilitation,58.5,> 50 y,12,> 10 weeks,0.9,> 0.5,Cycling,76,76,< 80 mmHg,85,-1.0999999999999943,6.059702963017247,89,-3.700000000000003,8.203657720797473,HIIT,decrease
Conraads 2015,Fasting Glucose,Cardiac Rehabilitation,58.5,> 50 y,12,> 10 weeks,0.9,> 0.5,Cycling,5.345000000000001,5.345000000000001,< 5.6 mmol/L,85,0.1899999999999995,0.7664463451540492,89,0.17999999999999972,0.7621417191047871,HIIT,decrease
Conraads 2015,Flow-mediated Dilation,Cardiac Rehabilitation,58.5,> 50 y,12,> 10 weeks,0.9,> 0.5,Cycling,5.4350000000000005,5.4350000000000005,< 6 %,85,1.21,1.6064370513655368,89,1.0699999999999994,1.6494302046464415,HIIT,increase
Conraads 2015,HDL,Cardiac Rehabilitation,58.5,> 50 y,12,> 10 weeks,0.9,> 0.5,Cycling,1.12,1.12,< 1.3 mmol/L,85,0.08000000000000007,0.14546477236774544,89,0.08999999999999986,0.1641340915227547,HIIT,increase
Conraads 2015,LDL,Cardiac Rehabilitation,58.5,> 50 y,12,> 10 weeks,0.9,> 0.5,Cycling,1.93,1.93,< 3 mmol/L,85,0.09000000000000008,0.2854645336990219,89,0.06999999999999984,0.3614968879534097,HIIT,decrease
Conraads 2015,Systolic Blood Pressure,Cardiac Rehabilitation,58.5,> 50 y,12,> 10 weeks,0.9,> 0.5,Cycling,126.5,126.5,120 - 140 mmHg,85,0,7.832432572323874,89,-6,9.156309300149271,HIIT,decrease
Conraads 2015,Total Cholesterol,Cardiac Rehabilitation,58.5,> 50 y,12,> 10 weeks,0.9,> 0.5,Cycling,3.605,3.605,< 5.2 mmol/L,85,0.16999999999999993,0.3981457019735363,89,0.1599999999999997,0.4272235948540296,HIIT,decrease
Conraads 2015,Triglycerides,Cardiac Rehabilitation,58.5,> 50 y,12,> 10 weeks,0.9,> 0.5,Cycling,1.385,1.385,< 1.7 mmol/L,85,-0.020000000000000018,0.5247856705360769,89,-0.030000000000000027,0.26360955976595385,HIIT,decrease
Conraads 2015,VO2max,Cardiac Rehabilitation,58.5,> 50 y,12,> 10 weeks,0.9,> 0.5,Cycling,22.95,3.042286032147955,< 30%,85,5.100000000000001,3.6385436647098253,89,4.400000000000002,3.5307223057045993,HIIT,increase
Currie 2015,BMI,Cardiac Rehabilitation,64.5,> 50 y,12,> 10 weeks,0.95,> 0.5,Cycling,28.1,28.1,BMI 25 - 30 kg/m²,9,-0.3999999999999986,2.6581948762270993,10,-0.3000000000000007,2.291287847477919,HIIT,decrease
Currie 2015,Body Mass,Cardiac Rehabilitation,64.5,> 50 y,12,> 10 weeks,0.95,> 0.5,Cycling,84.9,28.1,BMI 25 - 30 kg/m²,9,-1.2000000000000028,8.77200091199266,10,-1.3999999999999915,9.343018784097564,HIIT,decrease
Currie 2015,Diastolic Blood Pressure,Cardiac Rehabilitation,64.5,> 50 y,12,> 10 weeks,0.95,> 0.5,Cycling,62.5,62.5,< 80 mmHg,9,2,4.722287581247039,10,-4,3.687817782917156,HIIT,decrease
Currie 2015,HDL,Cardiac Rehabilitation,64.5,> 50 y,12,> 10 weeks,0.95,> 0.5,Cycling,1.04,1.04,< 1.3 mmol/L,9,0.1100000000000001,0.22605309110914631,10,-0.06000000000000005,0.11423659658795862,HIIT,increase
Currie 2015,LDL,Cardiac Rehabilitation,64.5,> 50 y,12,> 10 weeks,0.95,> 0.5,Cycling,1.7249999999999999,1.7249999999999999,< 3 mmol/L,9,-0.010000000000000009,0.3108054053584011,10,-0.34999999999999987,0.505014851266772,HIIT,decrease
Currie 2015,Systolic Blood Pressure,Cardiac Rehabilitation,64.5,> 50 y,12,> 10 weeks,0.95,> 0.5,Cycling,123,123,120 - 140 mmHg,9,-3,6.693280212272605,10,-6,5.291502622129181,HIIT,decrease
Currie 2015,Total Cholesterol,Cardiac Rehabilitation,64.5,> 50 y,12,> 10 weeks,0.95,> 0.5,Cycling,3.16,3.16,< 5.2 mmol/L,9,0.1200000000000001,0.2953303235362059,10,-0.36999999999999966,0.602079728939615,HIIT,decrease
Currie 2015,Triglycerides,Cardiac Rehabilitation,64.5,> 50 y,12,> 10 weeks,0.95,> 0.5,Cycling,0.905,0.905,< 1.7 mmol/L,9,0.029999999999999916,0.1291510743277035,10,0.09999999999999998,0.2692210987274214,HIIT,decrease
Currie 2015,VO2max,Cardiac Rehabilitation,64.5,> 50 y,12,> 10 weeks,0.95,> 0.5,Cycling,20.450000000000003,2.6761174246309505,< 30%,9,5.299999999999997,2.959391829413605,10,3.3999999999999986,4.0269094849524505,HIIT,increase
Earnest 2013,Body Fat,Overweight/obese,48.5,30 - 50 y,6,5 - 10 weeks,1,> 0.5,Running,29.005,30.925,BMI > 30 kg/m²,21,-0.8299999999999983,2.4915566312105346,16,-0.16999999999999815,3.2471357193047976,HIIT,decrease
Earnest 2013,Body Mass,Overweight/obese,48.5,30 - 50 y,6,5 - 10 weeks,1,> 0.5,Running,96.395,30.925,BMI > 30 kg/m²,21,-2.289999999999992,7.513421926916005,16,-1.3199999999999932,10.27028098087421,HIIT,decrease
Earnest 2013,VO2max,Overweight/obese,48.5,30 - 50 y,6,5 - 10 weeks,1,> 0.5,Running,28.915,6.597157914799136,< 30%,21,2.9400000000000013,2.1335294655233072,16,3.1000000000000014,2.3706255493702333,HIIT,increase
Eguchi 2012,BMI,Healthy,51,> 50 y,12,> 10 weeks,1,> 0.5,Cycling,25.05,25.05,BMI 25 - 30 kg/m²,10,-0.5,1.9552493447128425,10,-0.3999999999999986,2.107130750570548,HIIT,decrease
Eguchi 2012,Body Fat,Healthy,51,> 50 y,12,> 10 weeks,1,> 0.5,Cycling,36.15,25.05,BMI 25 - 30 kg/m²,10,-0.5,3.2134094043554424,10,-0.29999999999999716,3.1279386183235767,HIIT,decrease
Eguchi 2012,Body Mass,Healthy,51,> 50 y,12,> 10 weeks,1,> 0.5,Cycling,62.45,25.05,BMI 25 - 30 kg/m²,10,-1.2999999999999972,5.659151879919818,10,-0.8999999999999986,5.598928468912602,HIIT,decrease
Eguchi 2012,Diastolic Blood Pressure,Healthy,51,> 50 y,12,> 10 weeks,1,> 0.5,Cycling,78.25,78.25,< 80 mmHg,10,-5,6.780781665855344,10,-5,5.9,HIIT,decrease
Eguchi 2012,Fasting Glucose,Healthy,51,> 50 y,12,> 10 weeks,1,> 0.5,Cycling,5.4390000054389995,5.4390000054389995,< 5.6 mmol/L,10,-0.5999999999999943,3.0672463220289314,10,0.6999999999999886,5.578530272392544,HIIT,decrease
Eguchi 2012,HbA1c,Healthy,51,> 50 y,12,> 10 weeks,1,> 0.5,Cycling,34.70225,34.70225,< 40 mmol/mol,10,-0.11000000000000032,0.19514097468240743,10,-0.1200000000000001,0.1643167672515498,HIIT,decrease
Eguchi 2012,HDL,Healthy,51,> 50 y,12,> 10 weeks,1,> 0.5,Cycling,1.5284974093264247,1.5284974093264247,> 1.3 mmol/L,10,-2.8999999999999986,5.654378834142616,10,-3.6000000000000014,9.19086503001758,HIIT,increase
Eguchi 2012,LDL,Healthy,51,> 50 y,12,> 10 weeks,1,> 0.5,Cycling,3.309585492227979,3.309585492227979,> 3 mmol/L,10,-9.599999999999994,18.855609244996565,10,-4.900000000000006,17.634483264331852,HIIT,decrease
Eguchi 2012,Systolic Blood Pressure,Healthy,51,> 50 y,12,> 10 weeks,1,> 0.5,Cycling,125.15,125.15,120 - 140 mmHg,10,-10,11.570436465406134,10,-10.5,11.455435391114559,HIIT,decrease
Eguchi 2012,Total Cholesterol,Healthy,51,> 50 y,12,> 10 weeks,1,> 0.5,Cycling,5.595854922279792,5.595854922279792,> 5.2 mmol/L,10,-2.799999999999983,14.69122186885761,10,-11.099999999999994,14.279950980308017,HIIT,decrease
Eguchi 2012,Triglycerides,Healthy,51,> 50 y,12,> 10 weeks,1,> 0.5,Cycling,2.0615819209039548,2.0615819209039548,> 1.7 mmol/L,10,30.599999999999994,139.69790621194008,10,-71.1,173.1219223553158,HIIT,decrease
Fisher 2015,BMI,Overweight/obese,20,< 30 y,6,5 - 10 weeks,1,> 0.5,Cycling,29.5,29.5,BMI 25 - 30 kg/m²,13,-0.26,0.83,10,-0.35,0.75,SIT,decrease
Fisher 2015,Body Fat,Overweight/obese,20,< 30 y,6,5 - 10 weeks,1,> 0.5,Cycling,31.784999999999997,29.5,BMI 25 - 30 kg/m²,13,-0.88,1.41,10,-1.28,2.2,SIT,decrease
Fisher 2015,Body Mass,Overweight/obese,20,< 30 y,6,5 - 10 weeks,1,> 0.5,Cycling,92,29.5,BMI 25 - 30 kg/m²,13,-0.82,2.57,10,-1.09,2.42,SIT,decrease
Fisher 2015,Diastolic Blood Pressure,Overweight/obese,20,< 30 y,6,5 - 10 weeks,1,> 0.5,Cycling,70,70,< 80 mmHg,13,1.6,7.7,10,-4.6,6.4,SIT,decrease
Fisher 2015,HDL,Overweight/obese,20,< 30 y,6,5 - 10 weeks,1,> 0.5,Cycling,1.2564766839378239,1.2564766839378239,< 1.3 mmol/L,13,-1.4,7.9,10,-2,5.1,SIT,increase
Fisher 2015,HOMA-IR,Overweight/obese,20,< 30 y,6,5 - 10 weeks,1,> 0.5,Cycling,2.73,2.73,< 3,13,0.16,2.35,10,-0.27,0.4,SIT,decrease
Fisher 2015,LDL,Overweight/obese,20,< 30 y,6,5 - 10 weeks,1,> 0.5,Cycling,2.4702072538860103,2.4702072538860103,< 3 mmol/L,13,-4.78,16.9,10,-7.8,18.6,SIT,decrease
Fisher 2015,Systolic Blood Pressure,Overweight/obese,20,< 30 y,6,5 - 10 weeks,1,> 0.5,Cycling,128,128,120 - 140 mmHg,13,-0.3,11.1,10,-4.6,11.4,SIT,decrease
Fisher 2015,Total Cholesterol,Overweight/obese,20,< 30 y,6,5 - 10 weeks,1,> 0.5,Cycling,4.30440414507772,4.30440414507772,< 5.2 mmol/L,13,-9.2,17.6,10,-12.9,26.4,SIT,decrease
Fisher 2015,Triglycerides,Overweight/obese,20,< 30 y,6,5 - 10 weeks,1,> 0.5,Cycling,1.416949152542373,1.416949152542373,< 1.7 mmol/L,13,-15.3,46.3,10,-15.7,47.4,SIT,decrease
Fisher 2015,VO2max,Overweight/obese,20,< 30 y,6,5 - 10 weeks,1,> 0.5,Cycling,35.335,10.96649847668951,< 30%,13,0.84,3.5,10,3.4,3.36,SIT,increase
Gillen 2016,BMI,Healthy,27.5,< 30 y,12,> 10 weeks,1,> 0.5,Cycling,26.5,26.5,BMI 25 - 30 kg/m²,9,-1,2.7386127875258306,10,0,3.2863353450309973,SIT,decrease
Gillen 2016,Body Fat,Healthy,27.5,< 30 y,12,> 10 weeks,1,> 0.5,Cycling,28.5,26.5,BMI 25 - 30 kg/m²,9,-2,4.219004621945797,10,-2,5.477225575051661,SIT,decrease
Gillen 2016,Body Mass,Healthy,27.5,< 30 y,12,> 10 weeks,1,> 0.5,Cycling,84,26.5,BMI 25 - 30 kg/m²,9,-1,12.361229712289953,10,-2,10.954451150103322,SIT,decrease
Gillen 2016,Fasting Glucose,Healthy,27.5,< 30 y,12,> 10 weeks,1,> 0.5,Cycling,5.15,5.15,< 5.6 mmol/L,9,0.40000000000000036,0.6693280212272604,10,0.40000000000000036,0.4753945729601885,SIT,decrease
Gillen 2016,Fasting Insulin,Healthy,27.5,< 30 y,12,> 10 weeks,1,> 0.5,Cycling,68.061,68.061,> 40 pmol/L,9,-1.7000000000000002,2.8211699700656117,10,-1.6999999999999993,3.6373066958946447,SIT,decrease
Gillen 2016,HOMA-IR,Healthy,27.5,< 30 y,12,> 10 weeks,1,> 0.5,Cycling,2.25,2.25,< 3,9,-0.20000000000000018,0.6928203230275513,10,-0.10000000000000009,1.1216059914247962,SIT,decrease
Gillen 2016,VO2max,Healthy,27.5,< 30 y,12,> 10 weeks,1,> 0.5,Cycling,31.545,5.3727634096629995,< 30%,9,5.190000000000001,5.026348575258187,10,6.880000000000003,3.303180285724653,SIT,increase
Gorostiaga 1991,Body Mass,Healthy,27,< 30 y,8,5 - 10 weeks,0.25,< 0.5,Cycling,74.6,22,BMI < 25 kg/m²,6,-2.700000000000003,8.281304245105355,6,0.29999999999999716,12.814835153056013,SIT,decrease
Gorostiaga 1991,VO2max,Healthy,27,< 30 y,8,5 - 10 weeks,0.25,< 0.5,Cycling,36.5,42.59015233527206,30 - 60%,6,5.900000000000006,2.350744562899167,6,2.6999999999999957,2.0668817092422107,SIT,increase
Granata 2015,Body Mass,Healthy,21,< 30 y,4,< 5 weeks,0.5,< 0.5,Cycling,80.7,24.65,BMI < 25 kg/m²,11,-0.20000000000000284,7.437203775613521,9,-0.7000000000000028,5.8637871721269,HIIT,decrease
Granata 2015,Body Mass,Healthy,21,< 30 y,4,< 5 weeks,0.5,< 0.5,Cycling,80.7,24.65,BMI < 25 kg/m²,9,0.29999999999999716,10.345627095541383,9,-0.7000000000000028,5.8637871721269,SIT,decrease
Grieco 2013,BMI,Healthy,22,< 30 y,4,< 5 weeks,0.5,< 0.5,Cycling,25.1,25.1,BMI 25 - 30 kg/m²,12,0.09999999999999787,1.9467922333931782,10,-0.10000000000000142,3.834057902536163,HIIT,decrease
Grieco 2013,Body Fat,Healthy,22,< 30 y,4,< 5 weeks,0.5,< 0.5,Cycling,18.5,25.1,BMI 25 - 30 kg/m²,12,1.6000000000000014,6.430863083599276,10,-0.6999999999999993,6.470857748397813,HIIT,decrease
Grieco 2013,Body Mass,Healthy,22,< 30 y,4,< 5 weeks,0.5,< 0.5,Cycling,73.05000000000001,25.1,BMI 25 - 30 kg/m²,12,0.5,7.109289697290438,10,-0.5,11.091798772065783,HIIT,decrease
Grieco 2013,Fasting Glucose,Healthy,22,< 30 y,4,< 5 weeks,0.5,< 0.5,Cycling,4.8,4.8,< 5.6 mmol/L,12,-0.20000000000000018,0.29154759474226494,10,0,0.2645751311064591,HIIT,decrease
Grieco 2013,Fasting Insulin,Healthy,22,< 30 y,4,< 5 weeks,0.5,< 0.5,Cycling,29.299999999999997,29.299999999999997,< 40 pmol/L,12,5.199999999999999,13.959656156223907,10,19.1,57.844403359357074,HIIT,decrease
Grieco 2013,HDL,Healthy,22,< 30 y,4,< 5 weeks,0.5,< 0.5,Cycling,1.4500000000000002,1.4500000000000002,> 1.3 mmol/L,12,-0.10000000000000009,0.2738612787525831,10,0,0.1673320053068151,HIIT,increase
Grieco 2013,HOMA-IR,Healthy,22,< 30 y,4,< 5 weeks,0.5,< 0.5,Cycling,0.895,0.895,< 3,12,0.13,0.4599999999999999,10,0.5299999999999998,1.750359962979044,HIIT,decrease
Grieco 2013,Total Cholesterol,Healthy,22,< 30 y,4,< 5 weeks,0.5,< 0.5,Cycling,4.199999999999999,4.199999999999999,< 5.2 mmol/L,12,-0.2999999999999998,0.43817804600413307,10,0.10000000000000053,0.42895221179054427,HIIT,decrease
Grieco 2013,VO2max,Healthy,22,< 30 y,4,< 5 weeks,0.5,< 0.5,Cycling,39.150000000000006,23.37447599500278,< 30%,12,5.699999999999996,5.5846217418908495,10,2.1999999999999957,6.005997002996258,HIIT,increase
Helgerud 2007,Body Mass,Healthy,24.6,< 30 y,8,5 - 10 weeks,1,> 0.5,Running,83.23333333333333,24.549999999999997,BMI < 25 kg/m²,10,-1.5,6.8935912266394235,10,-2.299999999999997,4.7956230043655435,HIIT,decrease
Helgerud 2007,Body Mass,Healthy,24.6,< 30 y,8,5 - 10 weeks,1,> 0.5,Running,83.23333333333333,24.549999999999997,BMI < 25 kg/m²,10,-0.7999999999999972,5.668950520158033,10,-2.299999999999997,4.7956230043655435,SIT,decrease
Helgerud 2007,HDL,Healthy,24.6,< 30 y,8,5 - 10 weeks,1,> 0.5,Running,1.25,1.25,< 1.3 mmol/L,10,-0.06000000000000005,0.18479718612576326,10,0.050000000000000044,0.12361229712289956,HIIT,increase
Helgerud 2007,LDL,Healthy,24.6,< 30 y,8,5 - 10 weeks,1,> 0.5,Running,2.8499999999999996,2.8499999999999996,< 3 mmol/L,10,0,0.27999999999999997,10,-0.08999999999999986,0.5004497976820456,HIIT,decrease
Helgerud 2007,Total Cholesterol,Healthy,24.6,< 30 y,8,5 - 10 weeks,1,> 0.5,Running,3.248,3.248,< 5.2 mmol/L,10,0.1499999999999999,0.48893107898762184,10,0.13200000000000012,0.5627773982668457,HIIT,decrease
Helgerud 2007,Triglycerides,Healthy,24.6,< 30 y,8,5 - 10 weeks,1,> 0.5,Running,0.99,0.99,< 1.7 mmol/L,10,-0.10000000000000009,0.33330166516235704,10,-0.1399999999999999,0.3035786553761644,HIIT,decrease
Helgerud 2007,VO2max,Healthy,24.6,< 30 y,8,5 - 10 weeks,1,> 0.5,Running,57.266666666666666,95.71482542098958,> 60%,10,4.899999999999999,4.0269094849524505,10,1,3.544573317058064,HIIT,increase
Helgerud 2007,VO2max,Healthy,24.6,< 30 y,8,5 - 10 weeks,1,> 0.5,Running,57.266666666666666,95.71482542098958,> 60%,10,3.9000000000000057,2.850964748992875,10,1,3.544573317058064,SIT,increase
Henriksson 1976,VO2max,Healthy,24,< 30 y,7.5,5 - 10 weeks,1,> 0.5,Cycling,46.980000000000004,66.36568105998577,> 60%,4,1.7299999999999969,6.67184382311217,5,5.380000000000003,6.207485803447317,HIIT,increase
Honkala 2017 (Healthy),BMI,Healthy,47.5,30 - 50 y,2,< 5 weeks,1,> 0.5,Cycling,26.15,26.15,BMI 25 - 30 kg/m²,14,-0.1999999999999993,1.3543608172630728,14,0,1.3543608172630728,SIT,decrease
Honkala 2017 (Healthy),Body Fat,Healthy,47.5,30 - 50 y,2,< 5 weeks,1,> 0.5,Cycling,22.549999999999997,26.15,BMI 25 - 30 kg/m²,14,-1,2.3241430856255727,14,-0.7999999999999972,2.3241430856255727,SIT,decrease
Honkala 2017 (Healthy),Body Mass,Healthy,47.5,30 - 50 y,2,< 5 weeks,1,> 0.5,Cycling,83.6,26.15,BMI 25 - 30 kg/m²,14,-0.5,5.407190035945202,14,0,5.407190035945202,SIT,decrease
Honkala 2017 (Healthy),Diastolic Blood Pressure,Healthy,47.5,30 - 50 y,2,< 5 weeks,1,> 0.5,Cycling,79,79,< 80 mmHg,14,0,3.1935638871749035,14,1,2.845889492602741,SIT,decrease
Honkala 2017 (Healthy),Fasting Glucose,Healthy,47.5,30 - 50 y,2,< 5 weeks,1,> 0.5,Cycling,5.449999999999999,5.449999999999999,< 5.6 mmol/L,14,0.40000000000000036,0.3653559257424074,14,0.20000000000000018,0.379451932347032,SIT,decrease
Honkala 2017 (Healthy),Fasting Insulin,Healthy,47.5,30 - 50 y,2,< 5 weeks,1,> 0.5,Cycling,32.6415,32.6415,< 40 pmol/L,14,1,1.9408311035154377,14,1.2999999999999998,1.8998271303123544,SIT,decrease
Honkala 2017 (Healthy),HbA1c,Healthy,47.5,30 - 50 y,2,< 5 weeks,1,> 0.5,Cycling,37.05,37.05,< 40 mmol/mol,14,-1.3000000000000043,2.691502066856983,14,-3.200000000000003,2.3967378766166725,SIT,decrease
Honkala 2017 (Healthy),HDL,Healthy,47.5,30 - 50 y,2,< 5 weeks,1,> 0.5,Cycling,1.4,1.4,> 1.3 mmol/L,14,-0.19999999999999996,0.1857312879236769,14,-0.09999999999999987,0.189725966173516,SIT,increase
Honkala 2017 (Healthy),LDL,Healthy,47.5,30 - 50 y,2,< 5 weeks,1,> 0.5,Cycling,3.15,3.15,> 3 mmol/L,14,-0.6000000000000001,0.41168057364365135,14,-0.19999999999999973,0.3794519323470322,SIT,decrease
Honkala 2017 (Healthy),Systolic Blood Pressure,Healthy,47.5,30 - 50 y,2,< 5 weeks,1,> 0.5,Cycling,126,126,120 - 140 mmHg,14,1,4.116805736436514,14,3,3.7945193234703205,SIT,decrease
Honkala 2017 (Healthy),Total Cholesterol,Healthy,47.5,30 - 50 y,2,< 5 weeks,1,> 0.5,Cycling,4.9,4.9,< 5.2 mmol/L,14,-0.7000000000000002,0.5027141445659373,14,-0.2999999999999998,0.42688342389041106,SIT,decrease
Honkala 2017 (Healthy),Triglycerides,Healthy,47.5,30 - 50 y,2,< 5 weeks,1,> 0.5,Cycling,0.95,0.95,< 1.7 mmol/L,14,-0.09999999999999998,0.2291158711962679,14,-0.20000000000000007,0.18573128792367682,SIT,decrease
Honkala 2017 (Healthy),VO2max,Healthy,47.5,30 - 50 y,2,< 5 weeks,1,> 0.5,Cycling,34.2,20.026270866123983,< 30%,14,2,1.2049896265113655,14,1,1.2049896265113655,SIT,increase
Honkala 2017 (T2D),BMI,T2D,47,30 - 50 y,2,< 5 weeks,1,> 0.5,Cycling,30.450000000000003,30.450000000000003,BMI > 30 kg/m²,9,-0.10000000000000142,1.3538651254426453,7,0,1.2003949497283648,SIT,decrease
Honkala 2017 (T2D),Body Fat,T2D,47,30 - 50 y,2,< 5 weeks,1,> 0.5,Cycling,28.85,30.450000000000003,BMI > 30 kg/m²,9,-1.1000000000000014,2.315821925099262,7,-0.5,2.058660354906275,SIT,decrease
Honkala 2017 (T2D),Body Mass,T2D,47,30 - 50 y,2,< 5 weeks,1,> 0.5,Cycling,96.35,30.450000000000003,BMI > 30 kg/m²,9,-0.20000000000000284,5.094808235218376,7,-0.09999999999999432,4.657777392432486,SIT,decrease
Honkala 2017 (T2D),Diastolic Blood Pressure,T2D,47,30 - 50 y,2,< 5 weeks,1,> 0.5,Cycling,87.5,87.5,80 - 90 mmHg,9,-6,3.092326889418816,7,-5,2.8607487420213076,SIT,decrease
Honkala 2017 (T2D),Fasting Glucose,T2D,47,30 - 50 y,2,< 5 weeks,1,> 0.5,Cycling,7.25,7.25,> 5.6 mmol/L,9,-0.2999999999999998,0.344199466602042,7,0.20000000000000018,0.3257271898321435,SIT,decrease
Honkala 2017 (T2D),Fasting Insulin,T2D,47,30 - 50 y,2,< 5 weeks,1,> 0.5,Cycling,100.7025,100.7025,> 40 pmol/L,9,-0.9000000000000004,4.348420110703271,7,-1,4.015397782934922,SIT,decrease
Honkala 2017 (T2D),HbA1c,T2D,47,30 - 50 y,2,< 5 weeks,1,> 0.5,Cycling,39.7,39.7,< 40 mmol/mol,9,-2.200000000000003,2.2480505605907375,7,-1.7000000000000028,2.104991277662992,SIT,decrease
Honkala 2017 (T2D),HDL,T2D,47,30 - 50 y,2,< 5 weeks,1,> 0.5,Cycling,1.2,1.2,< 1.3 mmol/L,9,-0.19999999999999996,0.13951152729152622,7,-0.09999999999999987,0.14805781356006528,SIT,increase
Honkala 2017 (T2D),LDL,T2D,47,30 - 50 y,2,< 5 weeks,1,> 0.5,Cycling,2.75,2.75,< 3 mmol/L,9,-0.20000000000000018,0.37928933902339124,7,-0.20000000000000018,0.37024322595201703,SIT,decrease
Honkala 2017 (T2D),Systolic Blood Pressure,T2D,47,30 - 50 y,2,< 5 weeks,1,> 0.5,Cycling,139.5,139.5,120 - 140 mmHg,9,-2,3.5628029616911716,7,-9,3.444797654321068,SIT,decrease
Honkala 2017 (T2D),Total Cholesterol,T2D,47,30 - 50 y,2,< 5 weeks,1,> 0.5,Cycling,4.7,4.7,< 5.2 mmol/L,9,-0.5,0.41139704980039904,7,-0.20000000000000018,0.44417344068019604,SIT,decrease
Honkala 2017 (T2D),Triglycerides,T2D,47,30 - 50 y,2,< 5 weeks,1,> 0.5,Cycling,1.7000000000000002,1.7000000000000002,> 1.7 mmol/L,9,-0.20000000000000018,0.34419946660204215,7,-0.19999999999999996,0.32572718983214366,SIT,decrease
Honkala 2017 (T2D),VO2max,T2D,47,30 - 50 y,2,< 5 weeks,1,> 0.5,Cycling,29.45,6.873108422406653,< 30%,9,1.8999999999999986,1.588395416764982,7,-0.8999999999999986,1.6979399282660157,SIT,increase
Hovanloo 2013,C-reactive Protein,Healthy,23.5,< 30 y,2,< 5 weeks,0.5,< 0.5,Cycling,0.41745,0.41745,< 2 mg/L,8,-0.03183,0.3477,8,-0.16,0.22,SIT,decrease
Hovanloo 2013,HOMA-IR,Healthy,23.5,< 30 y,2,< 5 weeks,0.5,< 0.5,Cycling,1.475,1.475,< 3,8,-0.53,0.65,8,0.01,0.22,SIT,decrease
Jo 2020,BMI,Metabolic Syndrome,50.85,> 50 y,8,5 - 10 weeks,0.53,> 0.5,Running,24.9,24.9,BMI < 25 kg/m²,17,-0.29999999999999716,1.5336231610144646,17,-0.5,1.7013230145977567,HIIT,decrease
Jo 2020,Body Mass,Metabolic Syndrome,50.85,> 50 y,8,5 - 10 weeks,0.53,> 0.5,Running,67.7,24.9,BMI < 25 kg/m²,17,-0.8000000000000114,6.770524351924301,17,-1.0999999999999943,6.387487769068524,HIIT,decrease
Jo 2020,Diastolic Blood Pressure,Metabolic Syndrome,50.85,> 50 y,8,5 - 10 weeks,0.53,> 0.5,Running,86.4,86.4,80 - 90 mmHg,17,-7.1000000000000085,4.535967372016691,17,-7.800000000000011,4.254644520991149,HIIT,decrease
Jo 2020,Fasting Glucose,Metabolic Syndrome,50.85,> 50 y,8,5 - 10 weeks,0.53,> 0.5,Running,5.6082750056082755,5.6082750056082755,> 5.6 mmol/L,17,-0.7000000000000028,6.3816925654562855,17,-0.7999999999999972,5.395924387906115,HIIT,decrease
Jo 2020,Flow-mediated Dilation,Metabolic Syndrome,50.85,> 50 y,8,5 - 10 weeks,0.53,> 0.5,Running,7.425,7.425,> 6 %,17,6.1,3.2863353450309973,17,2.9000000000000004,3.6845732453026367,HIIT,increase
Jo 2020,HDL,Metabolic Syndrome,50.85,> 50 y,8,5 - 10 weeks,0.53,> 0.5,Running,1.2266839378238341,1.2266839378238341,< 1.3 mmol/L,17,1.4000000000000057,4.574494507593164,17,3.1000000000000014,7.077287616029182,HIIT,increase
Jo 2020,LDL,Metabolic Syndrome,50.85,> 50 y,8,5 - 10 weeks,0.53,> 0.5,Running,2.790155440414508,2.790155440414508,< 3 mmol/L,17,-5.900000000000006,18.76805797092496,17,-3.200000000000003,17.805280115740942,HIIT,decrease
Jo 2020,Systolic Blood Pressure,Metabolic Syndrome,50.85,> 50 y,8,5 - 10 weeks,0.53,> 0.5,Running,139.15,139.15,120 - 140 mmHg,17,-9.400000000000006,7.92098478725973,17,-10.600000000000009,5.939023488756376,HIIT,decrease
Jo 2020,Total Cholesterol,Metabolic Syndrome,50.85,> 50 y,8,5 - 10 weeks,0.53,> 0.5,Running,4.852331606217617,4.852331606217617,< 5.2 mmol/L,17,-25,23.10584341676364,17,-7,16.7051189759307,HIIT,decrease
Jo 2020,Triglycerides,Metabolic Syndrome,50.85,> 50 y,8,5 - 10 weeks,0.53,> 0.5,Running,1.811864406779661,1.811864406779661,> 1.7 mmol/L,17,-30.599999999999994,43.36191877673313,17,-15.399999999999977,17.73161019197072,HIIT,decrease
Keating 2014,Body Fat,Overweight/obese,43,30 - 50 y,12,> 10 weeks,0.227272727272727,< 0.5,Cycling,42.35,28.35,BMI 25 - 30 kg/m²,11,-0.5,3.4942810419312296,11,-1,4.021193852576622,HIIT,decrease
Keating 2014,Body Mass,Overweight/obese,43,30 - 50 y,12,> 10 weeks,0.227272727272727,< 0.5,Cycling,78.4,28.35,BMI 25 - 30 kg/m²,11,0.20000000000000284,5.776071329199461,11,-0.7999999999999972,3.1464265445104553,HIIT,decrease
Keating 2014,C-reactive Protein,Overweight/obese,43,30 - 50 y,12,> 10 weeks,0.227272727272727,< 0.5,Cycling,3.7,3.7,> 2 mg/L,11,0.20000000000000018,2.486362805384605,11,-1.1,3.356188314144486,HIIT,decrease
Keating 2014,Diastolic Blood Pressure,Overweight/obese,43,30 - 50 y,12,> 10 weeks,0.227272727272727,< 0.5,Cycling,77.6,77.6,< 80 mmHg,11,-2.8999999999999915,4.280887758397783,11,-3.5,4.908156476723208,HIIT,decrease
Keating 2014,Fasting Glucose,Overweight/obese,43,30 - 50 y,12,> 10 weeks,0.227272727272727,< 0.5,Cycling,4.35,4.35,< 5.6 mmol/L,11,-0.10000000000000053,0.41952353926806074,11,0.10000000000000053,0.18165902124584957,HIIT,decrease
Keating 2014,Fasting Insulin,Overweight/obese,43,30 - 50 y,12,> 10 weeks,0.227272727272727,< 0.5,Cycling,57.64350000000001,57.64350000000001,> 40 pmol/L,11,-0.5999999999999996,2.0738852427268006,11,-0.6999999999999993,2.4641428530018286,HIIT,decrease
Keating 2014,HDL,Overweight/obese,43,30 - 50 y,12,> 10 weeks,0.227272727272727,< 0.5,Cycling,1.5499999999999998,1.5499999999999998,> 1.3 mmol/L,11,0,0.36331804249169913,11,0,0.18165902124584957,HIIT,increase
Keating 2014,LDL,Overweight/obese,43,30 - 50 y,12,> 10 weeks,0.227272727272727,< 0.5,Cycling,3.25,3.25,> 3 mmol/L,11,0,0.36331804249169913,11,0.30000000000000027,0.5549774770204644,HIIT,decrease
Keating 2014,Systolic Blood Pressure,Overweight/obese,43,30 - 50 y,12,> 10 weeks,0.227272727272727,< 0.5,Cycling,119.5,119.5,< 120 mmHg,11,-5.6000000000000085,6.824514634756089,11,-4.299999999999997,8.374723876045106,HIIT,decrease
Keating 2014,Total Cholesterol,Overweight/obese,43,30 - 50 y,12,> 10 weeks,0.227272727272727,< 0.5,Cycling,5.35,5.35,> 5.2 mmol/L,11,0,0.5549774770204644,11,0.20000000000000018,0.5549774770204644,HIIT,decrease
Keating 2014,Triglycerides,Overweight/obese,43,30 - 50 y,12,> 10 weeks,0.227272727272727,< 0.5,Cycling,1.25,1.25,< 1.7 mmol/L,11,0,0.41952353926806074,11,-0.09999999999999987,0.41952353926806074,HIIT,decrease
Keating 2014,VO2max,Overweight/obese,43,30 - 50 y,12,> 10 weeks,0.227272727272727,< 0.5,Cycling,24.65,5.960306216864622,< 30%,11,5.099999999999998,2.543226297441892,11,4.300000000000001,2.6324893162176366,HIIT,increase
Keteyian 2014,Diastolic Blood Pressure,Cardiac Rehabilitation,59,> 50 y,10,5 - 10 weeks,0.828205128205128,> 0.5,Running,76,76,< 80 mmHg,15,-7,5.805170109479999,13,0,6.434283176858165,HIIT,decrease
Keteyian 2014,Systolic Blood Pressure,Cardiac Rehabilitation,59,> 50 y,10,5 - 10 weeks,0.828205128205128,> 0.5,Running,121,121,120 - 140 mmHg,15,-9,9.486832980505142,13,2,14.170391667134684,HIIT,decrease
Keteyian 2014,VO2max,Cardiac Rehabilitation,59,> 50 y,10,5 - 10 weeks,0.828205128205128,> 0.5,Running,22.1,2.558220708190019,< 30%,15,3.6000000000000014,3.2130981933330336,13,1.6999999999999993,2.424871130596428,HIIT,increase
Kim 2015,C-reactive Protein,Cardiac Rehabilitation,58.6,> 50 y,6,5 - 10 weeks,0.785714285714286,> 0.5,Running,1.495,1.495,< 2 mg/L,14,-1.14,3.1191601433719303,14,-1.72,1.7077031357938064,HIIT,decrease
Kim 2015,HDL,Cardiac Rehabilitation,58.6,> 50 y,6,5 - 10 weeks,0.785714285714286,> 0.5,Running,1.0260362694300518,1.0260362694300518,< 1.3 mmol/L,14,0,4.217250288991632,14,-0.07000000000000028,3.820145285195317,HIIT,increase
Kim 2015,LDL,Cardiac Rehabilitation,58.6,> 50 y,6,5 - 10 weeks,0.785714285714286,> 0.5,Running,3.0550518134715023,3.0550518134715023,> 3 mmol/L,14,-46.56999999999999,14.458911093163271,14,-30.64,25.963756469355513,HIIT,decrease
Kim 2015,Total Cholesterol,Cardiac Rehabilitation,58.6,> 50 y,6,5 - 10 weeks,0.785714285714286,> 0.5,Running,4.630673575129533,4.630673575129533,< 5.2 mmol/L,14,-45.66999999999999,24.12984282584535,14,-26.75200000000001,32.53183123035037,HIIT,decrease
Kim 2015,Triglycerides,Cardiac Rehabilitation,58.6,> 50 y,6,5 - 10 weeks,0.785714285714286,> 0.5,Running,1.1985310734463277,1.1985310734463277,< 1.7 mmol/L,14,4.5,27.71220886179952,14,19.790000000000006,36.85582287780317,HIIT,decrease
Kim 2015,VO2max,Cardiac Rehabilitation,58.6,> 50 y,6,5 - 10 weeks,0.785714285714286,> 0.5,Running,28.134999999999998,10.68950720321013,< 30%,14,6.460000000000001,4.206124106585538,14,2.469999999999999,4.632995791062193,HIIT,increase
Klonizakis 2014,Body Mass,Healthy,64,> 50 y,2,< 5 weeks,0,< 0.5,Cycling,62.65,22.85,BMI < 25 kg/m²,11,-0.29999999999999716,3.3151168908501556,7,0,7.422263805605401,HIIT,decrease
Klonizakis 2014,Diastolic Blood Pressure,Healthy,64,> 50 y,2,< 5 weeks,0,< 0.5,Cycling,69,69,< 80 mmHg,11,-2,2.144761058952722,7,-3,4.722287581247038,HIIT,decrease
Klonizakis 2014,Flow-mediated Dilation,Healthy,64,> 50 y,2,< 5 weeks,0,< 0.5,Cycling,8.5,8.5,> 6 %,11,-1.5999999999999996,4.4991110233022695,7,-1.9000000000000004,4.811548607257336,HIIT,increase
Klonizakis 2014,Systolic Blood Pressure,Healthy,64,> 50 y,2,< 5 weeks,0,< 0.5,Cycling,120.5,120.5,120 - 140 mmHg,11,-7,8.96660470858396,7,-2,6.913754406977443,HIIT,decrease
Klonizakis 2014,VO2max,Healthy,64,> 50 y,2,< 5 weeks,0,< 0.5,Cycling,22.7,9.733715737890213,< 30%,11,2.200000000000003,1.8033302526159767,7,1.6999999999999993,3.9984997186444837,HIIT,increase
Lira 2017,Fasting Glucose,Healthy,26.36,< 30 y,5,< 5 weeks,1,> 0.5,Running,4.409197504409197,4.409197504409197,< 5.6 mmol/L,10,2.430000000000007,6.658193899249255,10,-0.980000000000004,5.453950283968495,HIIT,decrease
Lunt 2014,BMI,Overweight/obese,49.1,30 - 50 y,12,> 10 weeks,0.444444444444444,< 0.5,Running,32.4,32.5,BMI > 30 kg/m²,9,0,1.7632356620712961,14,-0.10000000000000142,1.8622566955175648,HIIT,decrease
Lunt 2014,BMI,Overweight/obese,49.1,30 - 50 y,12,> 10 weeks,0.444444444444444,< 0.5,Running,32.4,32.5,BMI > 30 kg/m²,9,-0.10000000000000142,1.588395416764982,14,-0.10000000000000142,1.8622566955175648,SIT,decrease
Lunt 2014,Body Fat,Overweight/obese,49.1,30 - 50 y,12,> 10 weeks,0.444444444444444,< 0.5,Running,39.733333333333334,32.5,BMI > 30 kg/m²,9,-0.5,3.018608951156145,14,-0.5,2.877151368975919,HIIT,decrease
Lunt 2014,Body Fat,Overweight/obese,49.1,30 - 50 y,12,> 10 weeks,0.444444444444444,< 0.5,Running,39.733333333333334,32.5,BMI > 30 kg/m²,9,-1.1000000000000014,2.753543171987686,14,-0.5,2.877151368975919,SIT,decrease
Lunt 2014,Diastolic Blood Pressure,Overweight/obese,49.1,30 - 50 y,12,> 10 weeks,0.444444444444444,< 0.5,Running,80.9,80.9,80 - 90 mmHg,9,-3.4000000000000057,4.214261501141096,14,-1.9000000000000057,7.751644986710883,HIIT,decrease
Lunt 2014,Diastolic Blood Pressure,Overweight/obese,49.1,30 - 50 y,12,> 10 weeks,0.444444444444444,< 0.5,Running,80.9,80.9,80 - 90 mmHg,9,-5.3999999999999915,6.068854916703808,14,-1.9000000000000057,7.751644986710883,SIT,decrease
Lunt 2014,HDL,Overweight/obese,49.1,30 - 50 y,12,> 10 weeks,0.444444444444444,< 0.5,Running,1.2953367875647668,1.2953367875647668,< 1.3 mmol/L,9,-1,6.371812928829598,14,-2,4.929503017546496,HIIT,increase
Lunt 2014,HDL,Overweight/obese,49.1,30 - 50 y,12,> 10 weeks,0.444444444444444,< 0.5,Running,1.2953367875647668,1.2953367875647668,< 1.3 mmol/L,9,-2,8,14,-2,4.929503017546496,SIT,increase
Lunt 2014,HOMA-IR,Overweight/obese,49.1,30 - 50 y,12,> 10 weeks,0.444444444444444,< 0.5,Running,1.3317957813333332,1.3317957813333332,< 3,9,0.016468412000000043,0.390281949364815,14,-0.133959897,0.3893584466786358,HIIT,decrease
Lunt 2014,HOMA-IR,Overweight/obese,49.1,30 - 50 y,12,> 10 weeks,0.444444444444444,< 0.5,Running,1.3317957813333332,1.3317957813333332,< 3,9,-0.021564116999999827,0.43639431710323656,14,-0.133959897,0.3893584466786358,SIT,decrease
Lunt 2014,Systolic Blood Pressure,Overweight/obese,49.1,30 - 50 y,12,> 10 weeks,0.444444444444444,< 0.5,Running,127.03333333333333,127.03333333333333,120 - 140 mmHg,9,-2.9000000000000057,7.218587119374535,14,-5.200000000000003,11.396446814687463,HIIT,decrease
Lunt 2014,Systolic Blood Pressure,Overweight/obese,49.1,30 - 50 y,12,> 10 weeks,0.444444444444444,< 0.5,Running,127.03333333333333,127.03333333333333,120 - 140 mmHg,9,-6.5,7.39026386538397,14,-5.200000000000003,11.396446814687463,SIT,decrease
Lunt 2014,Total Cholesterol,Overweight/obese,49.1,30 - 50 y,12,> 10 weeks,0.444444444444444,< 0.5,Running,5.595854922279792,5.595854922279792,> 5.2 mmol/L,9,-1,22.618576436195102,14,-16,19.55249344712842,HIIT,decrease
Lunt 2014,Total Cholesterol,Overweight/obese,49.1,30 - 50 y,12,> 10 weeks,0.444444444444444,< 0.5,Running,5.595854922279792,5.595854922279792,> 5.2 mmol/L,9,-7,30.03164997132193,14,-16,19.55249344712842,SIT,decrease
Lunt 2014,Triglycerides,Overweight/obese,49.1,30 - 50 y,12,> 10 weeks,0.444444444444444,< 0.5,Running,0.7721280602636534,0.7721280602636534,< 1.7 mmol/L,9,-1,31.346451154795815,14,-6,17.96106901050158,HIIT,decrease
Lunt 2014,Triglycerides,Overweight/obese,49.1,30 - 50 y,12,> 10 weeks,0.444444444444444,< 0.5,Running,0.7721280602636534,0.7721280602636534,< 1.7 mmol/L,9,8,20.474374227311564,14,-6,17.96106901050158,SIT,decrease
Lunt 2014,VO2max,Overweight/obese,49.1,30 - 50 y,12,> 10 weeks,0.444444444444444,< 0.5,Running,25.233333333333334,9.01478285130732,< 30%,9,1.4000000000000021,2.629068276024797,14,-1.3000000000000007,2.9349616692556646,HIIT,increase
Lunt 2014,VO2max,Overweight/obese,49.1,30 - 50 y,12,> 10 weeks,0.444444444444444,< 0.5,Running,25.233333333333334,9.01478285130732,< 30%,9,0.1999999999999993,1.793320941716792,14,-1.3000000000000007,2.9349616692556646,SIT,increase
Macpherson 2011,Body Fat,Healthy,23.6,< 30 y,6,5 - 10 weeks,0.6,> 0.5,Cycling,19.6,24.7,BMI < 25 kg/m²,10,-1.7999999999999972,3.845516870330959,10,-1.1000000000000014,5.180830049326074,SIT,decrease
Macpherson 2011,Body Mass,Healthy,23.6,< 30 y,6,5 - 10 weeks,0.6,> 0.5,Cycling,72.4,24.7,BMI < 25 kg/m²,10,-1.0999999999999943,7.947326594522209,10,-0.29999999999999716,5.108326536156437,SIT,decrease
Macpherson 2011,VO2max,Healthy,23.6,< 30 y,6,5 - 10 weeks,0.6,> 0.5,Cycling,45.4,57.44812062134167,30 - 60%,10,5.400000000000006,3.4503622998172228,10,5.5,4.789467611332183,SIT,increase
Madssen 2014,BMI,Cardiac Rehabilitation,58,> 50 y,12,> 10 weeks,0.823809523809524,> 0.5,Running,26.8,26.8,BMI 25 - 30 kg/m²,15,0.09999999999999787,1.952817404862225,21,0,2.2360567994716467,HIIT,decrease
Madssen 2014,C-reactive Protein,Cardiac Rehabilitation,58,> 50 y,12,> 10 weeks,0.823809523809524,> 0.5,Running,3.205,3.205,> 2 mg/L,15,-1.25,2.45708984282974,21,-0.1299999999999999,1.5894800245014142,HIIT,decrease
Madssen 2014,Fasting Glucose,Cardiac Rehabilitation,58,> 50 y,12,> 10 weeks,0.823809523809524,> 0.5,Running,6.1,6.1,> 5.6 mmol/L,15,-0.14999999999999947,0.8095795937190551,21,0.05000000000000071,0.4634287351194167,HIIT,decrease
Madssen 2014,Flow-mediated Dilation,Cardiac Rehabilitation,58,> 50 y,12,> 10 weeks,0.823809523809524,> 0.5,Running,10.375,10.375,> 6 %,15,3.3499999999999996,4.577893384074017,21,5.1,9.091934128454476,HIIT,increase
Madssen 2014,HbA1c,Cardiac Rehabilitation,58,> 50 y,12,> 10 weeks,0.823809523809524,> 0.5,Running,40.44049999999999,40.44049999999999,> 40 mmol/mol,15,0,0.8275060382125524,21,-0.10000000000000053,0.3008178406592088,HIIT,decrease
Madssen 2014,HDL,Cardiac Rehabilitation,58,> 50 y,12,> 10 weeks,0.823809523809524,> 0.5,Running,1.25,1.25,< 1.3 mmol/L,15,0.050000000000000044,0.1936468533144032,21,0.09999999999999987,0.24065427252736704,HIIT,increase
Madssen 2014,LDL,Cardiac Rehabilitation,58,> 50 y,12,> 10 weeks,0.823809523809524,> 0.5,Running,2.45,2.45,< 3 mmol/L,15,-0.15000000000000036,0.2855167085591605,21,-0.10000000000000009,0.3202450463213834,HIIT,decrease
Madssen 2014,Total Cholesterol,Cardiac Rehabilitation,58,> 50 y,12,> 10 weeks,0.823809523809524,> 0.5,Running,4.300000000000001,4.300000000000001,< 5.2 mmol/L,15,0,0.47776083391805824,21,0.04999999999999982,0.2906176440645184,HIIT,decrease
Madssen 2014,Triglycerides,Cardiac Rehabilitation,58,> 50 y,12,> 10 weeks,0.823809523809524,> 0.5,Running,1.325,1.325,< 1.7 mmol/L,15,-0.04999999999999982,0.4945294456343015,21,0.1499999999999999,0.5033645250957137,HIIT,decrease
Madssen 2014,VO2max,Cardiac Rehabilitation,58,> 50 y,12,> 10 weeks,0.823809523809524,> 0.5,Running,31.075000000000003,19.498868976888428,< 30%,15,3.5500000000000007,2.6664876072039685,21,1.6499999999999986,3.7617067501867054,HIIT,increase
Maillard 2016,BMI,T2D,69.2,> 50 y,16,> 10 weeks,0,< 0.5,Cycling,31.15,31.15,BMI > 30 kg/m²,8,-0.20000000000000284,2.57060304208954,8,0.1999999999999993,1.9555050498528501,HIIT,decrease
Maillard 2016,Body Fat,T2D,69.2,> 50 y,16,> 10 weeks,0,< 0.5,Cycling,37.05,31.15,BMI > 30 kg/m²,8,-1,2.5377155080899034,8,-1.1999999999999957,2.013951340027857,HIIT,decrease
Maillard 2016,Body Mass,T2D,69.2,> 50 y,16,> 10 weeks,0,< 0.5,Cycling,76.7,31.15,BMI > 30 kg/m²,8,-0.09999999999999432,8.055805360111428,8,0.5999999999999943,5.351635264103862,HIIT,decrease
Maillard 2016,Fasting Glucose,T2D,69.2,> 50 y,16,> 10 weeks,0,< 0.5,Cycling,9.05,9.05,> 5.6 mmol/L,8,0.3000000000000007,1.193314711214104,8,0.40000000000000036,1.7686152775547315,HIIT,decrease
Maillard 2016,HbA1c,T2D,69.2,> 50 y,16,> 10 weeks,0,< 0.5,Cycling,58.474999999999994,58.474999999999994,> 40 mmol/mol,8,-0.10000000000000053,0.46475800154489,8,-0.1999999999999993,0.46475800154489,HIIT,decrease
Maillard 2016,HDL,T2D,69.2,> 50 y,16,> 10 weeks,0,< 0.5,Cycling,1.4500000000000002,1.4500000000000002,> 1.3 mmol/L,8,0.09999999999999987,0.15491933384829673,8,0.09999999999999987,0.3577708763999664,HIIT,increase
Maillard 2016,LDL,T2D,69.2,> 50 y,16,> 10 weeks,0,< 0.5,Cycling,2.5,2.5,< 3 mmol/L,8,0.10000000000000009,0.46475800154489,8,-0.19999999999999973,0.47328638264796913,HIIT,decrease
Maillard 2016,Total Cholesterol,T2D,69.2,> 50 y,16,> 10 weeks,0,< 0.5,Cycling,4.65,4.65,< 5.2 mmol/L,8,-0.09999999999999964,0.8246211251235325,8,-0.20000000000000018,0.46475800154489,HIIT,decrease
Maillard 2016,Triglycerides,T2D,69.2,> 50 y,16,> 10 weeks,0,< 0.5,Cycling,1.5,1.5,< 1.7 mmol/L,8,0,0.8246211251235325,8,-0.10000000000000009,0.15491933384829673,HIIT,decrease
Martins 2016,Body Mass,Overweight/obese,33.45,30 - 50 y,12,> 10 weeks,0.5,< 0.5,Cycling,99.3,33.25,BMI > 30 kg/m²,16,-1.3,2.1,14,-0.8,3.2,SIT,decrease
Martins 2016,VO2max,Overweight/obese,33.45,30 - 50 y,12,> 10 weeks,0.5,< 0.5,Cycling,31.1,5.63888497695533,< 30%,16,2.8,2.6,14,2.9,2.9,SIT,increase
Matsuo 2014,BMI,Healthy,29.2,< 30 y,8,5 - 10 weeks,1,> 0.5,Cycling,21.85,21.85,BMI < 25 kg/m²,13,0.10000000000000142,0.9633275663033836,13,-0.3000000000000007,1.150217370760849,HIIT,decrease
Matsuo 2014,Body Fat,Healthy,29.2,< 30 y,8,5 - 10 weeks,1,> 0.5,Cycling,17.9,21.85,BMI < 25 kg/m²,13,-0.1999999999999993,2.6873779042032777,13,-1.1000000000000014,4.165693219621437,HIIT,decrease
Matsuo 2014,Body Mass,Healthy,29.2,< 30 y,8,5 - 10 weeks,1,> 0.5,Cycling,65.35,21.85,BMI < 25 kg/m²,13,0.20000000000000284,2.7129319932501086,13,-0.9000000000000057,4.107919181288746,HIIT,decrease
Matsuo 2014,Diastolic Blood Pressure,Healthy,29.2,< 30 y,8,5 - 10 weeks,1,> 0.5,Cycling,74.5,74.5,< 80 mmHg,13,-6,4.722287581247038,13,-3,9.581231653602789,HIIT,decrease
Matsuo 2014,Systolic Blood Pressure,Healthy,29.2,< 30 y,8,5 - 10 weeks,1,> 0.5,Cycling,114.5,114.5,< 120 mmHg,13,-3,5.830951894845301,13,-2,5.805170109479999,HIIT,decrease
Matsuo 2014,VO2max,Healthy,29.2,< 30 y,8,5 - 10 weeks,1,> 0.5,Cycling,40,30.640141291338157,30 - 60%,13,8.600000000000001,4.654675069218045,13,5.399999999999999,4.544227107000706,HIIT,increase
Matsuo 2015,Body Fat,Metabolic Syndrome,47.5,30 - 50 y,8,5 - 10 weeks,1,> 0.5,Cycling,25.1,27.5,BMI 25 - 30 kg/m²,12,-0.5999999999999979,2.9695117443781895,12,-0.3999999999999986,2.0562101059959796,HIIT,decrease
Matsuo 2015,Body Mass,Metabolic Syndrome,47.5,30 - 50 y,8,5 - 10 weeks,1,> 0.5,Cycling,81.9,27.5,BMI 25 - 30 kg/m²,12,-0.9000000000000057,4.094020029262193,12,-0.8999999999999915,3.2056200648236524,HIIT,decrease
Matsuo 2015,Diastolic Blood Pressure,Metabolic Syndrome,47.5,30 - 50 y,8,5 - 10 weeks,1,> 0.5,Cycling,88.5,88.5,80 - 90 mmHg,12,-2,5.674504383644443,12,1,6.640783086353597,HIIT,decrease
Matsuo 2015,Fasting Glucose,Metabolic Syndrome,47.5,30 - 50 y,8,5 - 10 weeks,1,> 0.5,Cycling,5.8552500058552495,5.8552500058552495,> 5.6 mmol/L,12,-3,12.649110640673518,12,-8,20.808652046684813,HIIT,decrease
Matsuo 2015,Fasting Insulin,Metabolic Syndrome,47.5,30 - 50 y,8,5 - 10 weeks,1,> 0.5,Cycling,95.1465,95.1465,> 40 pmol/L,12,-2.6000000000000014,8.301807032206902,12,-2.5,4.743416490252571,HIIT,decrease
Matsuo 2015,HbA1c,Metabolic Syndrome,47.5,30 - 50 y,8,5 - 10 weeks,1,> 0.5,Cycling,39.8,39.8,< 40 mmol/mol,12,-1,5.585248427778304,12,-2,5.361902647381804,HIIT,decrease
Matsuo 2015,HDL,Metabolic Syndrome,47.5,30 - 50 y,8,5 - 10 weeks,1,> 0.5,Cycling,1.1917098445595855,1.1917098445595855,< 1.3 mmol/L,12,3,3.687817782917156,12,3,5.019960159204453,HIIT,increase
Matsuo 2015,HOMA-IR,Metabolic Syndrome,47.5,30 - 50 y,8,5 - 10 weeks,1,> 0.5,Cycling,3.9000000000000004,3.9000000000000004,> 3,12,-1,3.226143208228674,12,-1.2000000000000002,2.6922109872742137,HIIT,decrease
Matsuo 2015,LDL,Metabolic Syndrome,47.5,30 - 50 y,8,5 - 10 weeks,1,> 0.5,Cycling,3.2512953367875648,3.2512953367875648,> 3 mmol/L,12,5,14.54647723677455,12,0,13.696714934611146,HIIT,decrease
Matsuo 2015,Systolic Blood Pressure,Metabolic Syndrome,47.5,30 - 50 y,8,5 - 10 weeks,1,> 0.5,Cycling,130,130,120 - 140 mmHg,12,1,5.477225575051661,12,2,8.579044235810889,HIIT,decrease
Matsuo 2015,Total Cholesterol,Metabolic Syndrome,47.5,30 - 50 y,8,5 - 10 weeks,1,> 0.5,Cycling,5.259067357512953,5.259067357512953,> 5.2 mmol/L,12,2,15.456390264224053,12,4,13.696714934611146,HIIT,decrease
Matsuo 2015,Triglycerides,Metabolic Syndrome,47.5,30 - 50 y,8,5 - 10 weeks,1,> 0.5,Cycling,1.8022598870056497,1.8022598870056497,> 1.7 mmol/L,12,-28,36.682420857953204,12,-2,44.185970624169855,HIIT,decrease
Matsuo 2015,VO2max,Metabolic Syndrome,47.5,30 - 50 y,8,5 - 10 weeks,1,> 0.5,Cycling,28.45,5.585103478790318,< 30%,12,7,2.1166010488516727,12,4.399999999999999,3.6496575181789317,HIIT,increase
Mitranun 2014,BMI,T2D,61.5,> 50 y,10,5 - 10 weeks,0.357142857142857,< 0.5,Running,29.5,29.5,BMI 25 - 30 kg/m²,14,-1.1000000000000014,1.0908712114635715,14,-0.1999999999999993,1.3798550648528265,HIIT,decrease
Mitranun 2014,Body Fat,T2D,61.5,> 50 y,10,5 - 10 weeks,0.357142857142857,< 0.5,Running,33.150000000000006,29.5,BMI 25 - 30 kg/m²,14,-2.200000000000003,4.565741998843124,14,-2.6000000000000014,4.0124805295477755,HIIT,decrease
Mitranun 2014,Body Mass,T2D,61.5,> 50 y,10,5 - 10 weeks,0.357142857142857,< 0.5,Running,66.15,29.5,BMI 25 - 30 kg/m²,14,-2.0999999999999943,7.315873153629719,14,-0.5,6.7474439604934835,HIIT,decrease
Mitranun 2014,Diastolic Blood Pressure,T2D,61.5,> 50 y,10,5 - 10 weeks,0.357142857142857,< 0.5,Running,80,80,< 80 mmHg,14,2,6.26099033699941,14,0,4.098780306383839,HIIT,decrease
Mitranun 2014,Fasting Glucose,T2D,61.5,> 50 y,10,5 - 10 weeks,0.357142857142857,< 0.5,Running,7.65,7.65,> 5.6 mmol/L,14,-1.0500000000000007,46.25148646259922,14,-0.9900000000000002,56.991227395100026,HIIT,decrease
Mitranun 2014,Flow-mediated Dilation,T2D,61.5,> 50 y,10,5 - 10 weeks,0.357142857142857,< 0.5,Running,5.1,5.1,< 6 %,14,2,2.1720957621615122,14,1.2999999999999998,3.557527231097464,HIIT,increase
Mitranun 2014,HDL,T2D,61.5,> 50 y,10,5 - 10 weeks,0.357142857142857,< 0.5,Running,1.215,1.215,< 1.3 mmol/L,14,0.31000000000000005,9.899494936611665,14,0.07999999999999985,9.899494936611665,HIIT,increase
Mitranun 2014,HOMA-IR,T2D,61.5,> 50 y,10,5 - 10 weeks,0.357142857142857,< 0.5,Running,2.95,2.95,< 3,14,-0.6000000000000001,2.7799280566230475,14,-0.5,2.9580398915498094,HIIT,decrease
Mitranun 2014,LDL,T2D,61.5,> 50 y,10,5 - 10 weeks,0.357142857142857,< 0.5,Running,3.375,3.375,> 3 mmol/L,14,-0.73,29.93325909419153,14,-0.5700000000000003,29.93325909419153,HIIT,decrease
Mitranun 2014,Systolic Blood Pressure,T2D,61.5,> 50 y,10,5 - 10 weeks,0.357142857142857,< 0.5,Running,133,133,120 - 140 mmHg,14,-12,10.246950765959603,14,-5,9.899494936611665,HIIT,decrease
Mitranun 2014,Total Cholesterol,T2D,61.5,> 50 y,10,5 - 10 weeks,0.357142857142857,< 0.5,Running,4.8,4.8,< 5.2 mmol/L,14,-0.4899999999999993,36.88902275745457,14,-0.09999999999999964,30.740852297878796,HIIT,decrease
Mitranun 2014,Triglycerides,T2D,61.5,> 50 y,10,5 - 10 weeks,0.357142857142857,< 0.5,Running,1.645,1.645,< 1.7 mmol/L,14,-0.19999999999999996,40.124805295477756,14,-0.05999999999999983,40.124805295477756,HIIT,decrease
Mitranun 2014,VO2max,T2D,61.5,> 50 y,10,5 - 10 weeks,0.357142857142857,< 0.5,Running,24,12.38906044352034,< 30%,14,6.100000000000001,3.20998442363822,14,3.3000000000000007,2.366431913239846,HIIT,increase
Molmen-Hansen 2011,Diastolic Blood Pressure,Overweight/obese,53.1,> 50 y,12,> 10 weeks,0.546296296296296,> 0.5,Running,95.75,95.75,> 90 mmHg,32,-8.5,6.349803146555017,27,-4,3.1717503054307414,HIIT,decrease
Molmen-Hansen 2011,Flow-mediated Dilation,Overweight/obese,53.1,> 50 y,12,> 10 weeks,0.546296296296296,> 0.5,Running,6.495,6.495,> 6 %,32,4.17,2.6886985699404837,27,0.6100000000000003,2.7700902512373133,HIIT,increase
Molmen-Hansen 2011,Systolic Blood Pressure,Overweight/obese,53.1,> 50 y,12,> 10 weeks,0.546296296296296,> 0.5,Running,157.25,157.25,> 140 mmHg,32,-13,6.743886120034947,27,-5,6.726812023536855,HIIT,decrease
Molmen-Hansen 2011,VO2max,Overweight/obese,53.1,> 50 y,12,> 10 weeks,0.546296296296296,> 0.5,Running,35.15,31.84166483625844,30 - 60%,32,5.200000000000003,5.5878439491453245,27,1.7999999999999972,3.8078865529319543,HIIT,increase
Moreira 2008,BMI,Overweight/obese,40,30 - 50 y,12,> 10 weeks,0.36,< 0.5,Cycling,27.9,27.9,BMI 25 - 30 kg/m²,8,-0.40000000000000213,2.0265734627691154,8,-0.3999999999999986,1.0178408519999576,HIIT,decrease
Moreira 2008,Body Fat,Overweight/obese,40,30 - 50 y,12,> 10 weeks,0.36,< 0.5,Cycling,30.7,27.9,BMI 25 - 30 kg/m²,8,-0.6000000000000014,4.112420211991961,8,-0.8999999999999986,2.1704838170325074,HIIT,decrease
Moreira 2008,Body Mass,Overweight/obese,40,30 - 50 y,12,> 10 weeks,0.36,< 0.5,Cycling,77.44999999999999,27.9,BMI 25 - 30 kg/m²,8,-1.1999999999999886,7.750870918806481,8,-1.2999999999999972,6.54339361493713,HIIT,decrease
Motiani 2017,BMI,Healthy,48,30 - 50 y,2,< 5 weeks,1,> 0.5,Cycling,26.15,26.15,BMI 25 - 30 kg/m²,13,-0.1999999999999993,1.2488164662164136,13,0,1.2236188200961426,SIT,decrease
Motiani 2017,Body Fat,Healthy,48,30 - 50 y,2,< 5 weeks,1,> 0.5,Cycling,22.549999999999997,26.15,BMI 25 - 30 kg/m²,13,-1,2.175322346837587,13,-0.7999999999999972,2.175322346837587,SIT,decrease
Motiani 2017,Fasting Glucose,Healthy,48,30 - 50 y,2,< 5 weeks,1,> 0.5,Cycling,5.6,5.6,< 5.6 mmol/L,13,-0.09999999999999964,0.18127686223646555,13,-0.10000000000000053,0.18127686223646555,SIT,decrease
Motiani 2017,Fasting Insulin,Healthy,48,30 - 50 y,2,< 5 weeks,1,> 0.5,Cycling,38.197500000000005,38.197500000000005,< 40 pmol/L,13,-0.40000000000000036,1.5039790126577168,13,0.20000000000000018,1.8648916857179478,SIT,decrease
Motiani 2017,HbA1c,Healthy,48,30 - 50 y,2,< 5 weeks,1,> 0.5,Cycling,36.95,36.95,< 40 mmol/mol,13,-1.2999999999999972,1.9729913638524745,13,-3.1000000000000014,1.9552147344151385,SIT,decrease
Motiani 2017,HDL,Healthy,48,30 - 50 y,2,< 5 weeks,1,> 0.5,Cycling,1.4,1.4,> 1.3 mmol/L,13,-0.19999999999999996,0.1774600797823822,13,-0.09999999999999987,0.17746007978238204,SIT,increase
Motiani 2017,LDL,Healthy,48,30 - 50 y,2,< 5 weeks,1,> 0.5,Cycling,3.15,3.15,> 3 mmol/L,13,-0.6000000000000001,0.3933471213190571,13,-0.19999999999999973,0.36255372447293144,SIT,decrease
Motiani 2017,Total Cholesterol,Healthy,48,30 - 50 y,2,< 5 weeks,1,> 0.5,Cycling,5,5,< 5.2 mmol/L,13,-0.7000000000000002,0.407872940032048,13,-0.2999999999999998,0.4378252176726177,SIT,decrease
Motiani 2017,Triglycerides,Healthy,48,30 - 50 y,2,< 5 weeks,1,> 0.5,Cycling,0.99,0.99,< 1.7 mmol/L,13,-0.050000000000000044,0.1594137361448008,13,-0.15999999999999992,0.16107990380353643,SIT,decrease
Motiani 2017,VO2max,Healthy,48,30 - 50 y,2,< 5 weeks,1,> 0.5,Cycling,34.2,20.53703116274761,< 30%,13,2,2.154133123702838,13,1,2.13000313127847,SIT,increase
Nalcakan 2014,BMI,Healthy,21.7,< 30 y,7,5 - 10 weeks,1,> 0.5,Cycling,25,25,BMI < 25 kg/m²,8,-0.1999999999999993,1.2135485157174393,7,-0.3000000000000007,1.0723805294763606,SIT,decrease
Nalcakan 2014,Body Fat,Healthy,21.7,< 30 y,7,5 - 10 weeks,1,> 0.5,Cycling,16.15,25,BMI < 25 kg/m²,8,-1.1999999999999993,1.9596683392860128,7,-0.9000000000000004,1.4378038809239597,SIT,decrease
Nalcakan 2014,Body Mass,Healthy,21.7,< 30 y,7,5 - 10 weeks,1,> 0.5,Cycling,82.75,25,BMI < 25 kg/m²,8,-0.5,4.259624396587099,7,-0.8999999999999915,3.747214965811275,SIT,decrease
Nalcakan 2014,C-reactive Protein,Healthy,21.7,< 30 y,7,5 - 10 weeks,1,> 0.5,Cycling,3.83,3.83,> 2 mg/L,8,0.31999999999999984,0.9444998676548345,7,-1.1499999999999995,2.6503848777111596,SIT,decrease
Nalcakan 2014,HDL,Healthy,21.7,< 30 y,7,5 - 10 weeks,1,> 0.5,Cycling,1.2836787564766838,1.2836787564766838,< 1.3 mmol/L,8,1.5,5.80904467188883,7,-0.7000000000000028,3.067246322028929,SIT,increase
Nalcakan 2014,LDL,Healthy,21.7,< 30 y,7,5 - 10 weeks,1,> 0.5,Cycling,2.6243523316062176,2.6243523316062176,< 3 mmol/L,8,7,15.618578680532996,7,0.8000000000000114,11.64190706027153,SIT,decrease
Nalcakan 2014,Total Cholesterol,Healthy,21.7,< 30 y,7,5 - 10 weeks,1,> 0.5,Cycling,4.430051813471502,4.430051813471502,< 5.2 mmol/L,8,-2,20.50014634094108,7,2,14.641243116620934,SIT,decrease
Nalcakan 2014,Triglycerides,Healthy,21.7,< 30 y,7,5 - 10 weeks,1,> 0.5,Cycling,1.1355932203389831,1.1355932203389831,< 1.7 mmol/L,8,-7,24.196631997036288,7,7,35.72814016989969,SIT,decrease
Nalcakan 2014,VO2max,Healthy,21.7,< 30 y,7,5 - 10 weeks,1,> 0.5,Cycling,40.35,28.616960359281133,< 30%,8,2.799999999999997,2.2783766150485305,7,3.5,3.1749015732775097,SIT,increase
Nie 2017,BMI,Healthy,21,< 30 y,12,> 10 weeks,0,< 0.5,Cycling,26.6,26.6,BMI 25 - 30 kg/m²,16,-1.5,1.903155274800246,14,-1.6999999999999993,1.5874507866387548,HIIT,decrease
Nie 2017,Body Fat,Healthy,21,< 30 y,12,> 10 weeks,0,< 0.5,Cycling,38.45,26.6,BMI 25 - 30 kg/m²,16,-1.9000000000000057,1.3453624047073711,14,-1.7000000000000028,1.7649362594722797,HIIT,decrease
Nie 2017,Body Mass,Healthy,21,< 30 y,12,> 10 weeks,0,< 0.5,Cycling,68.6,26.6,BMI 25 - 30 kg/m²,16,-3.9000000000000057,6.374637244581059,14,-4.200000000000003,5.007494383421713,HIIT,decrease
Nie 2017,VO2max,Healthy,21,< 30 y,12,> 10 weeks,0,< 0.5,Cycling,29.049999999999997,9.7007296392479,< 30%,16,4.099999999999998,2.47224594245799,14,3.8000000000000007,2.00149943792148,HIIT,increase
O’Leary 2018,VO2max,Healthy,27,< 30 y,6,5 - 10 weeks,0.8,> 0.5,Cycling,44,51.621815062762664,30 - 60%,10,0.2799999999999998,0.4016839553678988,10,0.29000000000000004,0.5273897989153754,HIIT,increase
Ramos 2016a,Body Fat,Metabolic Syndrome,56.5,> 50 y,16,> 10 weeks,0.63,> 0.5,Running,40.599999999999994,32.5,BMI > 30 kg/m²,22,-0.5,3.7148351242013415,21,-0.3999999999999986,4.910600777908952,HIIT,decrease
Ramos 2016a,Body Mass,Metabolic Syndrome,56.5,> 50 y,16,> 10 weeks,0.63,> 0.5,Running,98.5,32.5,BMI > 30 kg/m²,22,-1,9.311283477587827,21,-1,10.178408519999579,HIIT,decrease
Ramos 2016a,Diastolic Blood Pressure,Metabolic Syndrome,56.5,> 50 y,16,> 10 weeks,0.63,> 0.5,Running,85,85,80 - 90 mmHg,22,-4,4.722287581247038,21,-5,7.615773105863909,HIIT,decrease
Ramos 2016a,Fasting Glucose,Metabolic Syndrome,56.5,> 50 y,16,> 10 weeks,0.63,> 0.5,Running,6.699999999999999,6.699999999999999,> 5.6 mmol/L,22,0.10000000000000053,1.5811388300841902,21,-0.39999999999999947,0.7148426400264606,HIIT,decrease
Ramos 2016a,Fasting Insulin,Metabolic Syndrome,56.5,> 50 y,16,> 10 weeks,0.63,> 0.5,Running,110,110,> 40 pmol/L,22,-15,21.109239683134028,21,-25,36.35381685600565,HIIT,decrease
Ramos 2016a,HbA1c,Metabolic Syndrome,56.5,> 50 y,16,> 10 weeks,0.63,> 0.5,Running,45.5,45.5,> 40 mmol/mol,22,0.19999999999999574,13.922499775543184,21,-1.1999999999999957,4.173248135445578,HIIT,decrease
Ramos 2016a,HDL,Metabolic Syndrome,56.5,> 50 y,16,> 10 weeks,0.63,> 0.5,Running,1.0699999999999998,1.0699999999999998,< 1.3 mmol/L,22,0.08000000000000007,0.19115438786488786,21,0.08000000000000007,0.21095023109728997,HIIT,increase
Ramos 2016a,HOMA-IR,Metabolic Syndrome,56.5,> 50 y,16,> 10 weeks,0.63,> 0.5,Running,2.1500000000000004,2.1500000000000004,< 3,22,-0.30000000000000004,0.4753945729601885,21,-0.5000000000000002,0.6848357467305575,HIIT,decrease
Ramos 2016a,Systolic Blood Pressure,Metabolic Syndrome,56.5,> 50 y,16,> 10 weeks,0.63,> 0.5,Running,130.5,130.5,120 - 140 mmHg,22,-2,6.324555320336759,21,-7,6.848357467305576,HIIT,decrease
Ramos 2016a,Triglycerides,Metabolic Syndrome,56.5,> 50 y,16,> 10 weeks,0.63,> 0.5,Running,2.0149999999999997,2.0149999999999997,> 1.7 mmol/L,22,-0.1299999999999999,0.6551641015806647,21,-0.10999999999999988,0.4795623004365542,HIIT,decrease
Ramos 2016a,VO2max,Metabolic Syndrome,56.5,> 50 y,16,> 10 weeks,0.63,> 0.5,Running,26.25,5.8818293352868976,< 30%,22,3.599999999999998,3.866781607487034,21,0.8000000000000007,3.9736632972611043,HIIT,increase
Ramos 2016b,BMI,Metabolic Syndrome,56,> 50 y,16,> 10 weeks,0.69,> 0.5,Running,32.5,32.5,BMI > 30 kg/m²,15,-1,2.6457513110645907,17,0,3.2863353450309973,HIIT,decrease
Ramos 2016b,Body Fat,Metabolic Syndrome,56,> 50 y,16,> 10 weeks,0.69,> 0.5,Running,39.795,32.5,BMI > 30 kg/m²,15,-1.019999999999996,3.6793640754891337,17,-0.4199999999999946,5.25845319461912,HIIT,decrease
Ramos 2016b,Body Mass,Metabolic Syndrome,56,> 50 y,16,> 10 weeks,0.69,> 0.5,Running,99.5,32.5,BMI > 30 kg/m²,15,-3,9.486832980505142,17,0,10.178408519999579,HIIT,decrease
Ramos 2016b,Diastolic Blood Pressure,Metabolic Syndrome,56,> 50 y,16,> 10 weeks,0.69,> 0.5,Running,112.5,112.5,> 90 mmHg,15,-9,14.536161804272819,17,-6,7.615773105863909,HIIT,decrease
Ramos 2016b,Fasting Glucose,Metabolic Syndrome,56,> 50 y,16,> 10 weeks,0.69,> 0.5,Running,6.215,6.215,> 5.6 mmol/L,15,-0.16999999999999993,4.618668639337532,17,-0.3699999999999992,0.44380175754496504,HIIT,decrease
Ramos 2016b,HDL,Metabolic Syndrome,56,> 50 y,16,> 10 weeks,0.69,> 0.5,Running,1.15,1.15,< 1.3 mmol/L,15,0,0.24000000000000007,17,0.030000000000000027,0.19031552748002467,HIIT,increase
Ramos 2016b,LDL,Metabolic Syndrome,56,> 50 y,16,> 10 weeks,0.69,> 0.5,Running,2.5700000000000003,2.5700000000000003,< 3 mmol/L,15,0.41000000000000014,0.8730635715685314,17,0.06000000000000005,0.4747630988187688,HIIT,decrease
Ramos 2016b,Systolic Blood Pressure,Metabolic Syndrome,56,> 50 y,16,> 10 weeks,0.69,> 0.5,Running,130.5,130.5,120 - 140 mmHg,15,-1,8.342661445845684,17,-9,6.693280212272605,HIIT,decrease
Ramos 2016b,Total Cholesterol,Metabolic Syndrome,56,> 50 y,16,> 10 weeks,0.69,> 0.5,Running,4.495,4.495,< 5.2 mmol/L,15,0.41999999999999993,0.9452195512154835,17,0,0.5457471942209139,HIIT,decrease
Ramos 2016b,Triglycerides,Metabolic Syndrome,56,> 50 y,16,> 10 weeks,0.69,> 0.5,Running,1.78,1.78,> 1.7 mmol/L,15,-0.16000000000000014,0.4455109426265531,17,-0.020000000000000018,0.5276362383309168,HIIT,decrease
Ramos 2016b,VO2max,Metabolic Syndrome,56,> 50 y,16,> 10 weeks,0.69,> 0.5,Running,26.37,5.840399455401124,< 30%,15,4.349999999999998,4.027887783938375,17,0.7999999999999972,4.019400452803877,HIIT,increase
Robinson 2015,BMI,Metabolic Syndrome,52,> 50 y,2,< 5 weeks,0.18,< 0.5,Cycling,32.15,32.15,BMI > 30 kg/m²,20,-0.29999999999999716,3.6436245690246403,19,-0.09999999999999787,2.2203603311174533,HIIT,decrease
Robinson 2015,Body Mass,Metabolic Syndrome,52,> 50 y,2,< 5 weeks,0.18,< 0.5,Cycling,88.35,32.15,BMI > 30 kg/m²,20,-0.7000000000000028,11.095134068590612,19,-1.4000000000000057,11.411835960966139,HIIT,decrease
Robinson 2015,Fasting Glucose,Metabolic Syndrome,52,> 50 y,2,< 5 weeks,0.18,< 0.5,Cycling,5.75,5.75,> 5.6 mmol/L,20,0.10000000000000053,0.6371812928829598,19,-0.3000000000000007,0.5477225575051662,HIIT,decrease
Robinson 2015,Fasting Insulin,Metabolic Syndrome,52,> 50 y,2,< 5 weeks,0.18,< 0.5,Cycling,96.88275,96.88275,> 40 pmol/L,20,-0.5999999999999996,6.301745789858552,19,0.8000000000000007,3.126499640172696,HIIT,decrease
Robinson 2015,HOMA-IR,Metabolic Syndrome,52,> 50 y,2,< 5 weeks,0.18,< 0.5,Cycling,1.8,1.8,< 3,20,0,0.8,19,0.09999999999999987,0.38078865529319544,HIIT,decrease
Robinson 2015,VO2max,Metabolic Syndrome,52,> 50 y,2,< 5 weeks,0.18,< 0.5,Cycling,20.5,2.7610610861624,< 30%,20,1.5,2.107130750570548,19,1.5,2.6360955976595397,HIIT,increase
Rognmo 2004,Body Mass,Cardiac Rehabilitation,62.1,> 50 y,10,5 - 10 weeks,0.819444444444444,> 0.5,Running,80.05,26.799999999999997,BMI 25 - 30 kg/m²,8,-0.09999999999999432,4.202499256394938,9,-0.7999999999999972,4.167133307202928,HIIT,decrease
Rognmo 2004,Diastolic Blood Pressure,Cardiac Rehabilitation,62.1,> 50 y,10,5 - 10 weeks,0.819444444444444,> 0.5,Running,75.5,75.5,< 80 mmHg,8,1,5.830951894845301,9,0,7.615773105863909,HIIT,decrease
Rognmo 2004,Systolic Blood Pressure,Cardiac Rehabilitation,62.1,> 50 y,10,5 - 10 weeks,0.819444444444444,> 0.5,Running,143,143,> 140 mmHg,8,-3,12.12435565298214,9,-1,16.288032416470692,HIIT,decrease
Rognmo 2004,VO2max,Cardiac Rehabilitation,62.1,> 50 y,10,5 - 10 weeks,0.819444444444444,> 0.5,Running,31.950000000000003,30.195173831560997,30 - 60%,8,5.9999999999999964,6.6487592827534385,9,2.6999999999999957,3.0369392486515103,HIIT,increase
Sandvei 2012,BMI,Healthy,25.2,< 30 y,8,5 - 10 weeks,0.345,< 0.5,Running,23.4,23.4,BMI < 25 kg/m²,11,-0.1999999999999993,1.2231107881136523,12,-0.10000000000000142,1.8330302779823358,SIT,decrease
Sandvei 2012,Body Fat,Healthy,25.2,< 30 y,8,5 - 10 weeks,0.345,< 0.5,Running,23.8,23.4,BMI < 25 kg/m²,11,-0.1999999999999993,2.543226297441892,12,-0.5,3.4152598729818497,SIT,decrease
Sandvei 2012,Body Mass,Healthy,25.2,< 30 y,8,5 - 10 weeks,0.345,< 0.5,Running,71.2,23.4,BMI < 25 kg/m²,11,-0.4000000000000057,6.209267267560643,12,-0.6000000000000085,6.77318241301679,SIT,decrease
Sandvei 2012,Fasting Glucose,Healthy,25.2,< 30 y,8,5 - 10 weeks,0.345,< 0.5,Running,5.4,5.4,< 5.6 mmol/L,11,-0.20000000000000018,0.18165902124584957,12,-0.20000000000000018,0.18973665961010278,SIT,decrease
Sandvei 2012,Fasting Insulin,Healthy,25.2,< 30 y,8,5 - 10 weeks,0.345,< 0.5,Running,42.2,42.2,> 40 pmol/L,11,0.30000000000000426,17.556508764557954,12,-4.100000000000001,12.290972296771317,SIT,decrease
Sandvei 2012,HDL,Healthy,25.2,< 30 y,8,5 - 10 weeks,0.345,< 0.5,Running,1.35,1.35,> 1.3 mmol/L,11,0,0.18165902124584957,12,-0.09999999999999987,0.18973665961010278,SIT,increase
Sandvei 2012,HOMA-IR,Healthy,25.2,< 30 y,8,5 - 10 weeks,0.345,< 0.5,Running,0.8,0.8,< 3,11,0,0.41952353926806074,12,-0.09999999999999998,0.18973665961010278,SIT,decrease
Sandvei 2012,LDL,Healthy,25.2,< 30 y,8,5 - 10 weeks,0.345,< 0.5,Running,2.95,2.95,< 3 mmol/L,11,-0.30000000000000027,0.5449770637375484,12,0,0.37947331922020555,SIT,decrease
Sandvei 2012,Total Cholesterol,Healthy,25.2,< 30 y,8,5 - 10 weeks,0.345,< 0.5,Running,4.3,4.3,< 5.2 mmol/L,11,-0.2999999999999998,0.5449770637375484,12,-0.09999999999999964,0.37947331922020555,SIT,decrease
Sandvei 2012,Triglycerides,Healthy,25.2,< 30 y,8,5 - 10 weeks,0.345,< 0.5,Running,0.79,0.79,< 1.7 mmol/L,11,-0.06999999999999995,0.29008619408720576,12,0.07000000000000006,0.13281566172707193,SIT,decrease
Sandvei 2012,VO2max,Healthy,25.2,< 30 y,8,5 - 10 weeks,0.345,< 0.5,Running,49.4,94.35195690257754,> 60%,11,2.6000000000000014,3.194996087634536,12,1.8000000000000043,3.337064578338274,SIT,increase
Sawyer 2016,BMI,Overweight/obese,35.2,30 - 50 y,8,5 - 10 weeks,0.5,< 0.5,Cycling,35.95,35.95,BMI > 30 kg/m²,9,0,3.3698664661971414,9,0,1.7527121840165323,HIIT,decrease
Sawyer 2016,Body Fat,Overweight/obese,35.2,30 - 50 y,8,5 - 10 weeks,0.5,< 0.5,Cycling,46.150000000000006,35.95,BMI > 30 kg/m²,9,-0.8000000000000043,3.0776614498674166,9,-0.30000000000000426,3.998374669787712,HIIT,decrease
Sawyer 2016,Body Mass,Overweight/obese,35.2,30 - 50 y,8,5 - 10 weeks,0.5,< 0.5,Cycling,106.2,35.95,BMI > 30 kg/m²,9,-0.10000000000000853,14.416657032752077,9,0,6.126010120788243,HIIT,decrease
Sawyer 2016,C-reactive Protein,Overweight/obese,35.2,30 - 50 y,8,5 - 10 weeks,0.5,< 0.5,Cycling,2.95,2.95,> 2 mg/L,9,0.5,1.9514097468240752,9,0.3999999999999999,1.2720062892926274,HIIT,decrease
Sawyer 2016,Fasting Glucose,Overweight/obese,35.2,30 - 50 y,8,5 - 10 weeks,0.5,< 0.5,Cycling,5.117100005117099,5.117100005117099,< 5.6 mmol/L,9,-3,4.00599550673737,9,2.3999999999999915,7.560952320971217,HIIT,decrease
Sawyer 2016,Fasting Insulin,Overweight/obese,35.2,30 - 50 y,8,5 - 10 weeks,0.5,< 0.5,Cycling,20.450000000000003,20.450000000000003,< 40 pmol/L,9,-2.1999999999999993,3.7936789532062405,9,-2.3000000000000007,3.9623225512317894,HIIT,decrease
Sawyer 2016,Flow-mediated Dilation,Overweight/obese,35.2,30 - 50 y,8,5 - 10 weeks,0.5,< 0.5,Cycling,5.405,5.405,< 6 %,9,3.799999999999999,3.3300690683527865,9,-0.40000000000000036,2.170184323968819,HIIT,increase
Sawyer 2016,HDL,Overweight/obese,35.2,30 - 50 y,8,5 - 10 weeks,0.5,< 0.5,Cycling,1.0790155440414506,1.0790155440414506,< 1.3 mmol/L,9,1,4.553020975132885,9,-0.7000000000000028,6.770524351924301,HIIT,increase
Sawyer 2016,HOMA-IR,Overweight/obese,35.2,30 - 50 y,8,5 - 10 weeks,0.5,< 0.5,Cycling,4.65,4.65,> 3,9,-0.5999999999999996,0.8972179222463184,9,-0.5,0.9284395510748131,HIIT,decrease
Sawyer 2016,LDL,Overweight/obese,35.2,30 - 50 y,8,5 - 10 weeks,0.5,< 0.5,Cycling,2.843264248704663,2.843264248704663,< 3 mmol/L,9,4.8999999999999915,18.648431569437673,9,2.6000000000000085,19.937803289229233,HIIT,decrease
Sawyer 2016,Total Cholesterol,Overweight/obese,35.2,30 - 50 y,8,5 - 10 weeks,0.5,< 0.5,Cycling,4.417098445595855,4.417098445595855,< 5.2 mmol/L,9,5,20.079790835563998,9,4.800000000000011,24.640840083081578,HIIT,decrease
Sawyer 2016,Triglycerides,Overweight/obese,35.2,30 - 50 y,8,5 - 10 weeks,0.5,< 0.5,Cycling,1.615819209039548,1.615819209039548,< 1.7 mmol/L,9,-3.1999999999999886,34.887189625993095,9,23.599999999999994,52.27065142123254,HIIT,decrease
Sawyer 2016,VO2max,Overweight/obese,35.2,30 - 50 y,8,5 - 10 weeks,0.5,< 0.5,Cycling,21.35,0.591039997349235,< 30%,9,4.099999999999998,3.1101446911679207,9,3.1000000000000014,2.381176179958132,HIIT,increase
Scribbans 2014,Body Mass,Healthy,21,< 30 y,6,5 - 10 weeks,0.7,> 0.5,Cycling,72.5,23,BMI < 25 kg/m²,10,0,9.311283477587827,9,0,4.929503017546496,SIT,decrease
Scribbans 2014,VO2max,Healthy,21,< 30 y,6,5 - 10 weeks,0.7,> 0.5,Cycling,47.95,69.65068503737592,> 60%,10,6.600000000000001,3.3698664661971414,9,7,4.4061320906209795,SIT,increase
Shepherd 2013,BMI,Healthy,21.5,< 30 y,6,5 - 10 weeks,1,> 0.5,Cycling,23.700000000000003,23.700000000000003,BMI < 25 kg/m²,8,0,1.3446189051177289,8,0,2.4265201420964964,SIT,decrease
Shepherd 2013,Body Mass,Healthy,21.5,< 30 y,6,5 - 10 weeks,1,> 0.5,Cycling,72.94999999999999,23.700000000000003,BMI < 25 kg/m²,8,0.10000000000000853,4.732863826479694,8,0,6.899275324264138,SIT,decrease
Shepherd 2013,VO2max,Healthy,21.5,< 30 y,6,5 - 10 weeks,1,> 0.5,Cycling,41.8,35.854465334229815,30 - 60%,8,3.200000000000003,3.4548516610702693,8,6.5,7.4619032424710525,SIT,increase
Sjöros 2018,BMI,T2D,49,30 - 50 y,2,< 5 weeks,0.618181818181818,> 0.5,Cycling,30.75,30.75,BMI > 30 kg/m²,11,-0.1999999999999993,1.6117976446439293,10,-0.1999999999999993,1.2633445100487861,SIT,decrease
Sjöros 2018,Body Fat,T2D,49,30 - 50 y,2,< 5 weeks,0.618181818181818,> 0.5,Cycling,34.3,30.75,BMI > 30 kg/m²,11,-1,2.874805764363458,10,-0.8999999999999986,2.3171069316454607,SIT,decrease
Sjöros 2018,Body Mass,T2D,49,30 - 50 y,2,< 5 weeks,0.618181818181818,> 0.5,Cycling,90.2,30.75,BMI > 30 kg/m²,11,-0.5,6.766947558032348,10,-0.4000000000000057,5.397926542935716,SIT,decrease
Sjöros 2018,Fasting Glucose,T2D,49,30 - 50 y,2,< 5 weeks,0.618181818181818,> 0.5,Cycling,6.949999999999999,6.949999999999999,> 5.6 mmol/L,11,-0.09999999999999964,0.48917693190595246,10,0.20000000000000018,0.40755543464931693,SIT,decrease
Sjöros 2018,Fasting Insulin,T2D,49,30 - 50 y,2,< 5 weeks,0.618181818181818,> 0.5,Cycling,12.35,12.35,< 40 pmol/L,11,0.09999999999999964,3.7938232979375326,10,0.3000000000000007,3.557108498934717,SIT,decrease
Sjöros 2018,HbA1c,T2D,49,30 - 50 y,2,< 5 weeks,0.618181818181818,> 0.5,Cycling,39.150000000000006,39.150000000000006,< 40 mmol/mol,11,-1.8000000000000043,2.6710500565264015,10,-2,2.172379987977264,SIT,decrease
Sjöros 2018,VO2max,T2D,49,30 - 50 y,2,< 5 weeks,0.618181818181818,> 0.5,Cycling,26.35,3.6788336088728264,< 30%,11,1.3000000000000007,2.019124053992534,10,-0.10000000000000142,1.6898162725268076,SIT,increase
Skleryk 2013,BMI,Overweight/obese,38.7,30 - 50 y,2,< 5 weeks,1,> 0.5,Cycling,33.7,33.75,BMI > 30 kg/m²,8,0,3.2533060108142298,8,0,2.788548009269341,SIT,decrease
Skleryk 2013,Body Fat,Overweight/obese,38.7,30 - 50 y,2,< 5 weeks,1,> 0.5,Cycling,30.25,33.75,BMI > 30 kg/m²,8,-1.1000000000000014,3.231098884280703,8,0.09999999999999432,2.2627416997969525,SIT,decrease
Skleryk 2013,Diastolic Blood Pressure,Overweight/obese,38.7,30 - 50 y,2,< 5 weeks,1,> 0.5,Cycling,89.5,89.5,80 - 90 mmHg,8,-3,4.6475800154488995,8,-1,8.944271909999165,SIT,decrease
Skleryk 2013,Fasting Glucose,Overweight/obese,38.7,30 - 50 y,2,< 5 weeks,1,> 0.5,Cycling,6.93,6.93,> 5.6 mmol/L,8,0.15999999999999925,0.9140240697049505,8,-0.33999999999999986,0.4634652090502588,SIT,decrease
Skleryk 2013,Fasting Insulin,Overweight/obese,38.7,30 - 50 y,2,< 5 weeks,1,> 0.5,Cycling,10.065,10.065,< 40 pmol/L,8,0.2400000000000002,0.9213902539098185,8,0.21000000000000085,2.423897687609773,SIT,decrease
Skleryk 2013,HOMA-IR,Overweight/obese,38.7,30 - 50 y,2,< 5 weeks,1,> 0.5,Cycling,3.075,3.075,> 3,8,0.1499999999999999,0.36044417043420196,8,-0.1200000000000001,1.0215674231297707,SIT,decrease
Skleryk 2013,Systolic Blood Pressure,Overweight/obese,38.7,30 - 50 y,2,< 5 weeks,1,> 0.5,Cycling,140.5,140.5,> 140 mmHg,8,-1,6.19677335393187,8,0,12.39354670786374,SIT,decrease
Skleryk 2013,VO2max,Overweight/obese,38.7,30 - 50 y,2,< 5 weeks,1,> 0.5,Cycling,28,3.292231909914866,< 30%,8,-0.3999999999999986,2.967827488247927,8,0,3.2984845004941308,SIT,increase
Tjønna 2008,BMI,Metabolic Syndrome,53.7,> 50 y,16,> 10 weeks,0.431818181818182,< 0.5,Running,29.6,29.6,BMI 25 - 30 kg/m²,11,-0.6999999999999993,2.9757352032733015,8,-1.1999999999999993,2.5377155080899034,HIIT,decrease
Tjønna 2008,Body Mass,Metabolic Syndrome,53.7,> 50 y,16,> 10 weeks,0.431818181818182,< 0.5,Running,91.5,29.6,BMI 25 - 30 kg/m²,11,-2.299999999999997,9.352058596907954,8,-3.6000000000000085,10.436474500519804,HIIT,decrease
Tjønna 2008,Diastolic Blood Pressure,Metabolic Syndrome,53.7,> 50 y,16,> 10 weeks,0.431818181818182,< 0.5,Running,91.5,91.5,> 90 mmHg,11,-6,5.449770637375487,8,-6,7.483314773547886,HIIT,decrease
Tjønna 2008,Fasting Glucose,Metabolic Syndrome,53.7,> 50 y,16,> 10 weeks,0.431818181818182,< 0.5,Running,6.5,6.5,> 5.6 mmol/L,11,-0.3000000000000007,1.0899541274750968,8,0.40000000000000036,0.8944271909999163,HIIT,decrease
Tjønna 2008,Fasting Insulin,Metabolic Syndrome,53.7,> 50 y,16,> 10 weeks,0.431818181818182,< 0.5,Running,107.7,107.7,> 40 pmol/L,11,2,95.80511468601246,8,1.2999999999999972,40.88931400745187,HIIT,decrease
Tjønna 2008,Flow-mediated Dilation,Metabolic Syndrome,53.7,> 50 y,16,> 10 weeks,0.431818181818182,< 0.5,Running,3.645,3.645,< 6 %,11,10.32,1.721316356745616,8,5.81,3.0787416260543856,HIIT,increase
Tjønna 2008,HDL,Metabolic Syndrome,53.7,> 50 y,16,> 10 weeks,0.431818181818182,< 0.5,Running,0.715,0.715,< 1.3 mmol/L,11,0.15000000000000002,0.18165902124584957,8,0.06000000000000005,0.13446189051177293,HIIT,increase
Tjønna 2008,Systolic Blood Pressure,Metabolic Syndrome,53.7,> 50 y,16,> 10 weeks,0.431818181818182,< 0.5,Running,137.5,137.5,120 - 140 mmHg,11,-9,9.082951062292475,8,-10,8.944271909999163,HIIT,decrease
Tjønna 2008,Triglycerides,Metabolic Syndrome,53.7,> 50 y,16,> 10 weeks,0.431818181818182,< 0.5,Running,1.56,1.56,< 1.7 mmol/L,11,0.050000000000000044,0.3556683848755749,8,0.19999999999999996,0.6705221845696085,HIIT,decrease
Tjønna 2008,VO2max,Metabolic Syndrome,53.7,> 50 y,16,> 10 weeks,0.431818181818182,< 0.5,Running,34.8,69.78256970927373,> 60%,11,11.699999999999996,5.85363135156289,8,5.600000000000001,5.378475620470915,HIIT,increase
Trapp 2008,Body Fat,Healthy,21.7,< 30 y,15,> 10 weeks,0,< 0.5,Cycling,33.4,23.2,BMI < 25 kg/m²,15,-2.700000000000003,5.508629593646681,15,0.5999999999999979,6.268971207462992,SIT,decrease
Trapp 2008,Body Mass,Healthy,21.7,< 30 y,15,> 10 weeks,0,< 0.5,Cycling,61.55,23.2,BMI < 25 kg/m²,15,-1.5,7.884161337770811,15,-0.09999999999999432,4.998999899979996,SIT,decrease
Trapp 2008,Fasting Glucose,Healthy,21.7,< 30 y,15,> 10 weeks,0,< 0.5,Cycling,4.2,4.2,< 5.6 mmol/L,15,-0.20000000000000018,0.21213203435596434,15,-0.10000000000000053,0.4242640687119287,SIT,decrease
Trapp 2008,Fasting Insulin,Healthy,21.7,< 30 y,15,> 10 weeks,0,< 0.5,Cycling,15.25,15.25,< 40 pmol/L,15,-5.999999999999998,7.613146524269711,15,-1,6.945502141674136,SIT,decrease
Trapp 2008,HOMA-IR,Healthy,21.7,< 30 y,15,> 10 weeks,0,< 0.5,Cycling,2.9000000000000004,2.9000000000000004,< 3,15,-1.2000000000000002,1.4849242404917504,15,-0.30000000000000027,1.4282856857085697,SIT,decrease
Trapp 2008,VO2max,Healthy,21.7,< 30 y,15,> 10 weeks,0,< 0.5,Cycling,29.85,11.616324590274846,< 30%,15,7.599999999999998,5.101470376273881,15,6,4.424364361125788,SIT,increase
Wegmann 2018,Diastolic Blood Pressure,Healthy,48.5,30 - 50 y,24,> 10 weeks,0.37,< 0.5,Running,84,84,80 - 90 mmHg,26,-2,3.834057902536163,23,-1,6.693280212272605,HIIT,decrease
Wegmann 2018,Systolic Blood Pressure,Healthy,48.5,30 - 50 y,24,> 10 weeks,0.37,< 0.5,Running,128,128,120 - 140 mmHg,26,1,6.324555320336759,23,4,8.96660470858396,HIIT,decrease
Winn 2018,BMI,Overweight/obese,43.5,30 - 50 y,4,< 5 weeks,0.5,< 0.5,Running,37.05,37.05,BMI > 30 kg/m²,8,-0.1,0.5,8,-0.3,0.4,HIIT,decrease
Winn 2018,Body Fat,Overweight/obese,43.5,30 - 50 y,4,< 5 weeks,0.5,< 0.5,Running,41.349999999999994,37.05,BMI > 30 kg/m²,8,0.4,1.6,8,-0.1,1.6,HIIT,decrease
Winn 2018,Body Mass,Overweight/obese,43.5,30 - 50 y,4,< 5 weeks,0.5,< 0.5,Running,102.05000000000001,37.05,BMI > 30 kg/m²,8,-0.3,1.3,8,-1,1.1,HIIT,decrease
Winn 2018,Fasting Glucose,Overweight/obese,43.5,30 - 50 y,4,< 5 weeks,0.5,< 0.5,Running,5.336325005336325,5.336325005336325,< 5.6 mmol/L,8,-3,8,8,-21.4,21.4,HIIT,decrease
Winn 2018,Fasting Insulin,Overweight/obese,43.5,30 - 50 y,4,< 5 weeks,0.5,< 0.5,Running,17,17,< 40 pmol/L,8,0.5,3,8,-7.5,8.9,HIIT,decrease
Winn 2018,HDL,Overweight/obese,43.5,30 - 50 y,4,< 5 weeks,0.5,< 0.5,Running,1.177461139896373,1.177461139896373,< 1.3 mmol/L,8,3.4,5.6,8,-1.4,2.8,HIIT,increase
Winn 2018,HOMA-IR,Overweight/obese,43.5,30 - 50 y,4,< 5 weeks,0.5,< 0.5,Running,4.75,4.75,> 3,8,0.02,0.7,8,-3.3,3.9,HIIT,decrease
Winn 2018,LDL,Overweight/obese,43.5,30 - 50 y,4,< 5 weeks,0.5,< 0.5,Running,2.6981865284974096,2.6981865284974096,< 3 mmol/L,8,-10.7,17,8,-0.5,12.3,HIIT,decrease
Winn 2018,Total Cholesterol,Overweight/obese,43.5,30 - 50 y,4,< 5 weeks,0.5,< 0.5,Running,4.558290155440414,4.558290155440414,< 5.2 mmol/L,8,-3,15.6,8,-2.4,12.9,HIIT,decrease
Winn 2018,Triglycerides,Overweight/obese,43.5,30 - 50 y,4,< 5 weeks,0.5,< 0.5,Running,1.4112994350282486,1.4112994350282486,< 1.7 mmol/L,8,22.1,67.2,8,-2.6,37,HIIT,decrease
Winn 2018,VO2max,Overweight/obese,43.5,30 - 50 y,4,< 5 weeks,0.5,< 0.5,Running,23.85,1.489813011337001,< 30%,8,-0.2,1.1,8,0.1,1.6,HIIT,increase
Wisløff 2007,VO2max,Cardiac Rehabilitation,75.45,> 50 y,12,> 10 weeks,0.22,< 0.5,Running,13,0.5521639874893277,< 30%,9,6,1.1216059914247962,9,1.9000000000000004,0.580517010948,HIIT,increase
Zapata-Lamana 2018,Body Mass,Overweight/obese,23.3,< 30 y,12,> 10 weeks,0,< 0.5,Cycling,83.6,32.05,BMI > 30 kg/m²,14,-0.4,1.4,14,-1.9,2.6,HIIT,decrease
Zapata-Lamana 2018,Fasting Glucose,Overweight/obese,23.3,< 30 y,12,> 10 weeks,0,< 0.5,Cycling,4.945050004945049,4.945050004945049,< 5.6 mmol/L,14,-3.299999999999997,2.6968500143686143,14,-4.099999999999994,3.535392481747959,HIIT,decrease
Zapata-Lamana 2018,Fasting Insulin,Overweight/obese,23.3,< 30 y,12,> 10 weeks,0,< 0.5,Cycling,140.98350000000002,140.98350000000002,> 40 pmol/L,14,-0.8999999999999986,4.880983507450111,14,-2,4.057585488933045,HIIT,decrease
Zapata-Lamana 2018,HDL,Overweight/obese,23.3,< 30 y,12,> 10 weeks,0,< 0.5,Cycling,1.4132124352331605,1.4132124352331605,> 1.3 mmol/L,14,-3.9,3.6,14,-1,6,HIIT,increase
Zapata-Lamana 2018,LDL,Overweight/obese,23.3,< 30 y,12,> 10 weeks,0,< 0.5,Cycling,2.376943005181347,2.376943005181347,< 3 mmol/L,14,-7.2,14.4,14,-9.4,23.7,HIIT,decrease
Zapata-Lamana 2018,Total Cholesterol,Overweight/obese,23.3,< 30 y,12,> 10 weeks,0,< 0.5,Cycling,4.376943005181347,4.376943005181347,< 5.2 mmol/L,14,-7.6,19.2,14,-7.9,19.2,HIIT,decrease
Zapata-Lamana 2018,Triglycerides,Overweight/obese,23.3,< 30 y,12,> 10 weeks,0,< 0.5,Cycling,1.2124293785310736,1.2124293785310736,< 1.7 mmol/L,14,4,26.6,14,-5.6,9.9,HIIT,decrease
